Beta_Carot,Calcium_(mg),Carbohydrt_(g),Energ_Kcal,Fiber_TD_(g),Iron_(mg),Lipid_Tot_(g),Magnesium_(mg),Manganese_(mg),Protein_(g),Sodium_(mg),Vit_A_RAE,Vit_B12,Vit_B6_(mg),Vit_C_(mg),Vit_D,Vit_E_(mg),Water_(g)
0,0.00163,0,0.201774,0,0.006904,0.1063,0.028129,1.50E-04,0.236799,0.001883,4.66E-04,0.01203,0.085777,0,0.017794,0.004869,0.687087
3.80E-05,0.00258,0.55211,0.302661,0.043315,0.042316,0.017,0.039381,0.014569,0.114486,0.011172,0.001956,0,0.01051,3.68E-04,0,0.007546,0.32032
0,0.001765,0,0.280488,0,0.04098,0.133,0.032349,2.99E-04,0.36285,0.001832,0,0.074286,0.049161,0,0.007117,0.003408,0.548549
0,0.014394,0.64813,0.556541,0.020716,0.00902,0.2485,0.037975,0.00454,0.05736,0.005109,0.001863,0.009925,0.004238,3.16E-04,0,0.018014,0.042342
3.80E-05,0.00163,0.032707,0.025499,0.00565,0.003007,0.007,0.001406,0.00163,0.017523,0.010914,9.30E-05,0,0.00339,2.63E-04,0,0.002678,0.933534
0,0.002037,0,0.062084,0,0.00245,0.0041,0.022504,1.83E-04,0.142407,0.008592,2.79E-04,0.049023,0.011697,0,0.007117,0.011928,0.868368
0,0.027023,0.592519,0.597561,0.003766,0.002673,0.3209,0.016878,1.33E-04,0.068575,0.002322,8.38E-04,0.016842,0.009493,2.63E-04,0,0.023369,0.013013
3.06E-04,0.002852,0.113923,0.056541,0.161959,0.006793,0.0034,0.059072,0.003742,0.033762,0.007637,9.30E-05,0,0.013731,0.003895,0,0.004625,0.841642
0.002332,0.00163,0.029606,0.014412,0.026365,0.007906,7.00E-04,0.018284,0.001613,0.007126,1.29E-04,4.66E-04,0,0.00712,0.001421,0,0.002921,0.961361
0.003287,8.15E-04,0.230546,0.35255,0,0.001336,0.2531,0.002813,9.65E-04,0.014603,6.45E-04,6.52E-04,0,0,0,0,0.023369,0.502603
0,0.002988,0,0.235033,0,0.021047,0.0967,0.035162,1.66E-04,0.34264,0.001574,0,0.05203,0.104085,0,0.007117,0.010224,0.603904
0,0.022135,0.441788,0.251663,0.065913,0.044543,0.0169,0.033755,0.008399,0.103621,0.00934,0,0.001203,0.009154,9.47E-04,0,0.007546,0.436036
0,0.001086,0,0.233925,0,0.014699,0.0633,0.040788,6.49E-04,0.42243,0.001729,0,0.035188,0.061027,0,0,0.011928,0.555455
0,0.002444,0,0.213969,0,0.020045,0.0786,0.033755,1.83E-04,0.333061,0.001522,0,0.04782,0.103746,0,0.003559,0.009494,0.634635
0,2.72E-04,0.05161,0.022173,0,2.23E-04,0,0,0,0,1.03E-04,0,0,0,0,0,0,0.948749
0,8.15E-04,0.025905,0.129712,0,0.022717,0.034,0.026723,2.49E-04,0.209579,0.02882,0,0.058045,0.067639,0,0.003559,0.004625,0.726026
3.80E-05,0.006654,0.426085,0.399113,0.041431,0.012249,0.193,0.030942,0.01437,0.073598,0.011017,2.79E-04,0.005113,0.016443,1.05E-04,0,0.041383,0.298298
0,0.002173,0,0.225055,0,0.012918,0.0813,0.029536,2.66E-04,0.355841,0.002374,0.001676,0.010226,0.100017,0,0.003559,0.006573,0.628428
0,0.015345,0.046809,0.197339,0,3.34E-04,0.1657,0.014065,3.30E-05,0.037967,0.001238,2.79E-04,0.009925,0.002882,4.74E-04,0,0.032619,0.748649
1.15E-04,0.004481,0.616123,0.359202,0.06968,0.023051,0.091,0.022504,0.003659,0.033879,0.008308,6.52E-04,3.01E-04,0.007798,2.63E-04,0,0.021908,0.253253
0,0.001765,0,0.13969,0,0.0098,0.0354,0.030942,2.99E-04,0.256659,0.00209,0.001676,0.011429,0.089846,6.32E-04,0.003559,0.003165,0.75025
0,0.001358,0,0.25388,0,0.011693,0.1481,0.030942,3.33E-04,0.264369,0.002219,0.00149,0.012632,0.069503,0,0.007117,0.004625,0.623223
0,0.011407,0,0.085366,0,0.002895,0.0075,0.053446,9.31E-04,0.192991,0.010914,9.30E-05,0.037594,0.01763,0,0,0.021178,0.81031
3.80E-05,0.004753,0.589118,0.528825,0.033898,0.027951,0.236,0.063291,0.004657,0.11215,0.010707,2.79E-04,0.001203,0.014748,0,0,0.053554,0.061061
0,0.001765,0,0.200665,0,0.012472,0.0718,0.025316,2.83E-04,0.317523,0.001883,0.00149,0.006617,0.054246,0,0.003559,0.006573,0.670771
0,0.00258,0,0.221729,0,0.02049,0.0839,0.035162,1.83E-04,0.339252,0.001548,0,0.049925,0.105611,0,0.003559,0.009737,0.62993
0,0.002173,0,0.190687,0,0.01147,0.0741,0.033755,8.32E-04,0.306542,0.012694,0.001024,0.022256,0.04611,0,0.003559,0.008033,0.643043
7.60E-05,0.026209,0.487097,0.269401,0.094162,0.034744,0.021,0.059072,0.018627,0.109813,0.010707,0,0,0.016613,0,0,0.011928,0.372372
0,0.002173,0.322064,0.362528,0.050847,0.007461,0.2165,0.026723,0.002428,0.030491,0.013365,0,0,0.037803,0.001526,0,0.023612,0.415315
8.41E-04,0.003666,0.179536,0.076497,0.033898,0.003229,0.001,0.014065,0.00143,0.004556,2.60E-05,1.86E-04,0,0.011866,5.26E-04,0,0.002434,0.813413
3.06E-04,0.001086,0.032206,0.021064,0.026365,0.003563,0.004,0.005626,0.002611,0.020093,1.81E-04,9.30E-05,0,0.023055,5.79E-04,0,0.015336,0.944144
0,0.001494,0,0.226164,0,0.014811,0.1064,0.028129,3.16E-04,0.295794,0.001961,0.002515,0.006617,0.032209,0,0.003559,0.006573,0.651852
3.80E-05,0.006247,0.478096,0.411308,0.035782,0.01971,0.185,0.021097,0.004208,0.063084,0.009134,0.001397,0.002707,0.007289,0.002053,0,0.008277,0.271271
0,4.07E-04,0.143929,0.062084,0.039548,0.0049,0.0022,0.019691,0.003393,0.018224,1.03E-04,0,0,0.026954,1.58E-04,0.024911,0,0.835636
0,0.00937,0,0.094235,0,0.00657,0.0369,0.018284,0.001414,0.141005,0.002503,0,0.041805,0.002373,0,0,0.002191,0.842442
2.68E-04,0.001494,0.017904,0.14745,0.001883,0.046771,0.0621,0.019691,2.16E-04,0.190421,0.025311,3.73E-04,0.007218,0.04577,0.004263,0.007117,0.005355,0.718018
0,0.002444,0.002501,0.201774,0,0.01069,0.0988,0.030942,7.65E-04,0.268341,0.013004,0.001118,0.016842,0.051195,0,0.007117,0.005355,0.648749
0,9.51E-04,0.722144,0.447894,0.033898,0.008352,0.127,0.029536,0.01575,0.042056,0.006373,0,9.02E-04,0.016783,0,0,0.003651,0.106106
0,0.009641,0.437087,0.28714,0.092279,0.038196,0.048,0.04782,0.01264,0.133178,0.011559,1.86E-04,0,0.006781,0,0,0.011685,0.385385
0,0.002173,0.018204,0.272727,0.001883,0.013474,0.1209,0.037975,4.32E-04,0.355724,0.001987,0.001863,0.009925,0.091541,0,0.003559,0.013875,0.547147
0,9.51E-04,0,0.178492,0,0.022717,0.0829,0.030942,0.001181,0.25257,0.001445,1.86E-04,0.058947,0.0812,0,0.003559,0.004382,0.697197
0,0.002309,0.031506,0.298226,0.001883,0.015367,0.1492,0.035162,5.65E-04,0.333645,0.002167,0.002515,0.009323,0.069503,0,0.003559,0.015336,0.524625
0,0.002309,0.476095,0.284922,0.030132,0.029621,0.045,0.021097,0.005006,0.078271,0.025466,0,0,0.004068,0,0,0.001461,0.379379
0,0.002852,0,0.194013,0,0.009465,0.0694,0.036568,4.99E-04,0.307477,0.002477,0,0.039398,0.062722,0,0,0.011928,0.646547
3.80E-05,0.006247,0.680136,0.444568,0.022599,0.025501,0.136,0.029536,0.005073,0.047897,0.008721,7.45E-04,9.02E-04,0.008815,2.11E-04,0,0.054041,0.131131
1.91E-04,0.002037,0.411082,0.303769,0.041431,0.004677,0.112,0.012658,0.00316,0.038551,0.004051,5.59E-04,0.006617,0.007798,8.95E-04,0,0.034567,0.435435
0,6.79E-04,0,0.129712,0,0.008797,0.0308,0.036568,4.82E-04,0.245093,0.001625,0,0.031278,0.077979,0,0,0.007303,0.748749
0,0.007197,0.656131,0.529933,0.035782,0.028953,0.211,0.068917,0.015168,0.102804,0.009495,9.30E-05,0.006917,0.023563,5.30E-05,0,0.045521,0.028028
0,0.004481,0,0.245011,0,0.025278,0.1154,0.032349,3.83E-04,0.321145,0.001961,0,0.010827,0.054246,0,0.003559,0.014849,0.602903
7.60E-05,0.006654,0.20124,0.196231,0.07533,0.017372,0.0859,0.040788,0.00943,0.056776,0.006244,0,0,0.067639,0.004158,0,0.018257,0.649349
8.41E-04,0.003666,0.229046,0.097561,0.041431,0.003118,0.001,0.014065,0.001397,0.004439,2.60E-05,1.86E-04,0,0.011866,5.26E-04,0,0.002921,0.764064
0,4.07E-04,0,0.124169,0,0.008575,0.0195,0.040788,1.00E-04,0.27535,0.001316,6.52E-04,0.015338,0.145279,0,0.014235,0.001704,0.747347
0,0.00258,0.554111,0.332594,0.035782,0.03441,0.052,0.02391,0.005821,0.091121,0.025801,0,0,0.004916,0,0,0.001704,0.277277
0.001185,0.001901,0.021604,0.013304,0.013183,0.00245,0.0016,0.016878,0.001214,0.006893,5.20E-05,3.73E-04,0,0.008646,0.001684,0,7.30E-04,0.968268
4.97E-04,0.002444,0.108722,0.072062,0.033898,0.004232,0.0138,0.008439,4.99E-04,0.025234,3.10E-04,1.86E-04,6.02E-04,0.01407,1.05E-04,0,0.001704,0.854855
0,0.011678,0.066613,0.079823,0,0.00167,0.0029,0.015471,3.66E-04,0.120794,0.008514,1.86E-04,0.013835,0.002712,0,0,2.43E-04,0.810911
0,6.79E-04,0.10002,0.043237,0,4.45E-04,7.00E-04,0.002813,1.83E-04,0,5.20E-05,0,0,0,0,0,0.016553,0.876677
0,6.79E-04,0,0,0,1.11E-04,0,0.001406,1.70E-05,0,5.42E-04,0,0,0,0,0,0,1
0,0.001765,0,0.223947,0,0.010245,0.1045,0.036568,4.82E-04,0.293692,0.002141,0,0.042707,0.054246,0,0,0.010224,0.627227
0,0,0.003001,0.001109,0,2.23E-04,0,0.004219,0.003642,0,7.70E-05,0,0,0,0,0,0,0.997998
0,1.36E-04,0.14763,0.078714,0.015066,0.006347,0.0046,0.009845,6.15E-04,0.019977,5.20E-05,0,0,0.007798,0,0,7.30E-04,0.83013
0.001261,6.79E-04,0.194439,0.087583,0.037665,0.004677,0.005,0.032349,0.001114,0.028154,0.007018,3.73E-04,0,0.009324,0.004263,0,9.74E-04,0.766567
0,0.00258,0,0.174058,0,0.015033,0.0322,0.039381,3.33E-04,0.349299,0.001651,0,0.011128,0.091541,0,0.007117,0.002191,0.663363
0,0.003938,0.372074,0.330377,0.024482,0.008909,0.166,0.028129,0.007285,0.024533,0.007766,0.002515,0.003609,0.011527,0,0,0.003651,0.432432
1.91E-04,0.015345,0.205041,0.140798,0.035782,0.003452,0.037,0.02391,6.49E-04,0.03972,0.002503,0.002422,0.010226,0.008476,2.11E-04,0,0.002678,0.715716
0,0.002852,0.586017,0.538803,0.06968,0.023274,0.266,0.077356,0.015767,0.053738,0.003741,0,0,0.015257,2.11E-04,0,0.004625,0.090591
0,0,0,0.291574,0,4.45E-04,0,0,2.99E-04,0,2.60E-05,0,0,1.70E-04,0,0,0,0.621622
0.002676,0.00421,0.040008,0.018847,0.018832,0.010802,0.0013,0.015471,0.001281,0.009112,2.58E-04,5.59E-04,0,0.018817,0.004895,0,0.016553,0.943744
4.59E-04,0.001765,0.05201,0.029933,0.041431,0.005568,0.003,0.004219,0.004357,0.030374,1.03E-04,9.30E-05,0,0.040685,0.002105,0,0.024343,0.910911
0,9.51E-04,0,0.239468,0,0.03196,0.0773,0.032349,2.00E-04,0.401168,0.001161,0,0.056842,0.078149,0,0.003559,0.010954,0.575976
0,8.15E-04,0.008402,0.125277,0,0.009465,0.0301,0.030942,4.49E-04,0.240304,0.030445,0.001211,0.012632,0.078318,0,0.02847,0.006573,0.717818
0,0.002716,0,0.350333,0,0.020156,0.2308,0.033755,3.66E-04,0.294042,0.001987,0,0.074286,0.022038,0,0.003559,0.003165,0.516216
3.80E-05,0.007333,0.175835,0.095344,0.003766,0.00245,0.0098,0.007032,1.66E-04,0.020561,6.71E-04,0.001211,0.006917,0.005086,2.11E-04,0.017794,0.002191,0.793894
0,0.003938,0.031106,0.252772,0,0.009911,0.1124,0.033755,0.001264,0.332827,0.016797,0.001211,0.014135,0.076962,0,0.003559,0.008033,0.545846
3.44E-04,0.001494,0.340068,0.262749,0.030132,0.005011,0.11,0.009845,0.003027,0.022196,0.005186,0.00298,3.01E-04,0.006442,0.001684,0,0.037001,0.522523
0,0.003259,0,0.25388,0,0.016258,0.1243,0.035162,3.33E-04,0.31986,0.001574,0,0.010226,0.071199,0,0.003559,0.004138,0.595495
3.44E-04,0.001901,0.424785,0.191796,0.028249,0.003452,0.003,0.005626,0.005239,0.004556,3.87E-04,9.30E-05,0,0.006272,3.16E-04,0,0.001217,0.565065
0,9.51E-04,0,0.202882,0,0.009688,0.0462,0.045007,5.32E-04,0.3875,0.001987,0,0.045414,0.086455,0,0,0.010224,0.607407
3.80E-05,0.003259,0.186037,0.121951,0.001883,0.002004,0.044,0.002813,7.48E-04,0.003505,0.02962,9.30E-05,9.02E-04,0,0,0,0.017283,0.732733
0,0.00163,0,0.203991,0,0.012138,0.0899,0.032349,3.33E-04,0.280724,0.002529,0.001863,0.011429,0.070012,0,0.003559,0.004625,0.668068
0,0.001494,0,0.174058,0,0.032517,0.0713,0.029536,2.33E-04,0.254439,0.001935,0,0.056241,0.078657,0,0,0.010954,0.712212
4.59E-04,6.79E-04,0.044009,0.036585,0.003766,0.002004,0.0182,0.004219,4.49E-04,0.00771,0.010398,6.52E-04,6.02E-04,0.001526,2.11E-04,0,0.005355,0.924525
0,0.003123,0,0.199557,0,0.008909,0.0729,0.036568,1.50E-04,0.312617,0.001445,0,0.016241,0.118834,0,0.024911,0.002434,0.650751
5.73E-04,0.002037,0.072114,0.034368,0.033898,0.020267,0.0014,0.02391,0.004773,0.010631,0.005005,9.30E-05,0,0.009663,0.002158,0,7.30E-04,0.910511
0,4.07E-04,0.0017,0.001109,0,1.11E-04,0,0.002813,0.00652,7.01E-04,1.03E-04,0,0,1.70E-04,0,0,0,0.997197
0,0.002173,0,0.237251,0,0.032628,0.0736,0.032349,2.00E-04,0.404907,0.001445,0,0.07609,0.056281,0,0.003559,0.010954,0.578979
8.79E-04,0.001901,0.134527,0.05765,0.015066,0.004343,0.0012,0.022504,0.018245,0.004206,2.60E-05,1.86E-04,0,0.012544,0.003947,0,2.43E-04,0.858158
0,0.008963,0.039608,0.297118,0,0.016036,0.2143,0.018284,8.65E-04,0.163201,0.032819,0,0.039699,0.022038,0.001684,0.02847,0.005355,0.574575
0,8.15E-04,0,0.177384,0,0.010134,0.0465,0.039381,4.99E-04,0.323598,0.001754,0,0.035188,0.052551,0,0,0.011928,0.661662
0.003249,0.004753,0.191838,0.08204,0.054614,0.00412,0.003,0.02391,0.002129,0.008762,2.60E-05,6.52E-04,0,0.019156,0.001053,0,0.002678,0.791892
0,0.001765,0.837167,0.437916,0.056497,0.035189,0.014,0.035162,0.01081,0.116822,0,0,0,0.019495,0,0,0.001461,0.043043
0,0.002173,0,0.342572,0,0.029065,0.1993,0.028129,1.66E-04,0.352804,0.001264,0,0.073985,0.049161,0,0.010676,0.013145,0.493994
0,0.003802,0,0.149667,0,0.018151,0.0462,0.032349,2.33E-04,0.255958,0.001471,0,0.035789,0.101882,0,0.003559,0.008033,0.725826
0,0.001086,0,0.273836,0,0.029733,0.1187,0.029536,1.83E-04,0.38271,0.001109,0,0.054737,0.072894,0,0.007117,0.011685,0.55025
3.80E-05,0.012765,0.746149,0.484479,0.032015,0.052339,0.138,0.029536,0.009247,0.051402,0.016951,0,0,0.00695,1.05E-04,0,0.004869,0.044044
0,0.007197,0.795359,0.334812,0.07533,0.019933,0.0046,0.049226,0.005122,0.039603,3.10E-04,0,0,0.054755,0.001684,0,0.002921,0.14985
0,9.51E-04,0,0.184035,0,0.005902,0.0833,0.033755,1.16E-04,0.249299,0.001213,1.86E-04,0.016241,0.121716,0,0.017794,0.002921,0.702102
0,0.002444,0.776055,0.317073,0,0.00412,0,0.011252,0.001663,0,0.003999,0,0,0.001526,0,0,0,0.22032
0.001261,6.79E-04,0.194439,0.087583,0.037665,0.004677,0.005,0.032349,0.001114,0.028154,7.70E-05,3.73E-04,0,0.009324,0.004263,0,9.74E-04,0.766567
0,0.002037,0,0.115299,0,0.00412,0.0317,0.056259,4.16E-04,0.20771,0.001445,0.001118,0.075188,0.050856,0,0.024911,0.031402,0.781081
0.001147,4.07E-04,0.181336,0.079823,0.022599,0.004232,0.0042,0.02391,6.49E-04,0.020327,7.70E-05,3.73E-04,0,0.01068,0.002421,0,0.001704,0.788088
1.15E-04,0.004753,0.5006,0.282705,0.079096,0.022272,0.0422,0.014065,0.013056,0.049416,0.010656,9.31E-04,0.004812,0.00712,4.74E-04,0.003559,0.009494,0.3998
0,0.001086,0.044909,0.136364,0,0.008241,0.0546,0.021097,6.32E-04,0.16215,0.034445,0.001211,0.011128,0.044075,0,0.024911,0.005355,0.721822
0,0,0.003001,0.001109,0,2.23E-04,0,0.004219,0.003642,0,7.70E-05,0,0,0,0,0,0,0.997998
0,0.003259,0.037107,0.021064,0.020716,0.003229,0.002,0.035162,0.002362,0.008411,0.002709,0,0,0.005425,0.001263,0,0,0.950851
0,0.002716,0,0.241685,0,0.019599,0.1112,0.032349,1.66E-04,0.322196,0.001445,0,0.048722,0.097813,0,0.007117,0.009981,0.611311
0,0.001765,0,0.378049,0,0.034855,0.2512,0.026723,2.66E-04,0.31285,0.001677,0,0.068872,0.044075,0,0.014235,0.004869,0.477177
0,0.002988,0,0.140798,0,0.017929,0.0354,0.032349,1.83E-04,0.260164,0.001445,0,0.028271,0.106459,0,0,0.006816,0.733834
7.60E-05,0.001086,0.20014,0.095344,0.033898,0.003452,0.001,0.028129,0.002328,0.019977,1.29E-04,0,0,0.045601,0.003895,0,2.43E-04,0.775375
0,0.001901,0,0.217295,0,0.021047,0.1016,0.022504,3.99E-04,0.28528,0.001238,0,0.068571,0.018647,0,0.003559,0.003651,0.643744
0,0.001358,0.027005,0.439024,0,0.012584,0.3625,0.016878,6.15E-04,0.161215,0.02077,0,0.012932,0.008476,0,0.024911,0.005355,0.445946
0,0.002173,0,0.231707,0,0.010022,0.1032,0.035162,2.66E-04,0.315771,0.001987,2.79E-04,0.02015,0.08493,0,0.014235,0.006573,0.61982
0,0.00163,0,0.206208,0,0.010802,0.0996,0.032349,2.83E-04,0.263785,0.002941,0.001118,0.012331,0.064079,0,0.003559,0.004625,0.672873
0,0.001494,0,0.194013,0,0.010245,0.0714,0.033755,2.66E-04,0.322196,0.001754,9.30E-05,0.025564,0.083743,0,0.017794,0.005599,0.648248
8.41E-04,0.006382,0.597119,0.404656,0.018832,0.039866,0.091,0.016878,0.003992,0.123832,0.003793,2.79E-04,0.022556,0.020681,0.001947,0.021352,0.015336,0.195195
0,0.002173,0,0.223947,0,0.021381,0.0905,0.033755,1.83E-04,0.330491,0.001496,0,0.053233,0.099847,0,0.003559,0.010224,0.622823
7.60E-05,0.028924,0.574115,0.462306,0.041431,0.025278,0.199,0.04782,0.006154,0.05257,0.010243,0.001118,0.003008,0.004577,5.30E-05,0,0.005112,0.163163
0,1.36E-04,0.012202,0.005543,0,3.34E-04,0,0,0,0,3.35E-04,0,0,0.094253,0.004632,0,0.040652,0.988789
0,0.005296,0.09912,0.263858,0.00565,0.018263,0.0918,0.043601,0.002245,0.318808,0.011714,9.31E-04,0.037293,0.067808,0,0,0.012902,0.513614
0.001452,0.001765,0.160132,0.069845,0.039548,0.004009,0.002,0.015471,0.001164,0.012383,0,2.79E-04,0,0.008306,0.003684,0,0.001704,0.823323
0,0.00163,0,0.165188,0,0.010913,0.0549,0.033755,2.83E-04,0.272897,0.003045,5.59E-04,0.011729,0.068147,0,0,0.004382,0.709309
0,0.002716,0.054211,0.087583,0.007533,0.005234,0.0571,0.002813,0.003326,0.022547,0.01094,9.30E-05,0.003008,0.001695,0,0,0.003165,0.854254
0.002523,4.07E-04,0.209842,0.10643,0.045198,0.005011,0.015,0.036568,0.002777,0.039836,0.006528,0.001211,0,0.023563,0.002895,0,0.002191,0.734835
0,0.008012,0.421084,0.217295,0.116761,0.033296,0.02,0.028129,0.007468,0.096963,0.011404,0,0.003008,0.006442,1.05E-04,0,0.001704,0.46046
0,0.027023,0.076815,0.062084,0,0.001002,0.0018,0.026723,8.30E-05,0.066939,0.001987,1.86E-04,0.018346,0.008985,4.74E-04,0,0,0.853153
3.80E-05,0.01874,0.494699,0.299335,0.079096,0.039198,0.0344,0.064698,0.019825,0.121145,0.013391,0,0,0.018139,1.05E-04,0,0.004625,0.345646
3.80E-05,0.008148,0.790658,0.457871,0.07533,0.064588,0.0746,0.108298,0.019958,0.087617,7.70E-05,0,0,0.030344,1.58E-04,0,0.009007,0.048949
0,0.013036,0,0.09867,0,0.003229,0.0086,0.060478,0.001081,0.221963,0.012539,9.30E-05,0.043008,0.020173,0,0,0.024343,0.781882
0,2.72E-04,0,0.001109,0,1.11E-04,2.00E-04,0.004219,3.83E-04,0.001402,5.20E-05,0,0,1.70E-04,0,0,2.43E-04,0.994895
3.44E-04,5.43E-04,0.138628,0.067627,0.032015,0.004009,0.0077,0.021097,0.001364,0.02278,0.005031,1.86E-04,0,0.006272,0.001368,0,7.30E-04,0.826927
0,0.005024,0.687137,0.498891,0.052731,0.028731,0.181,0.046414,0.013954,0.07243,0.009882,4.66E-04,0,0.011188,2.63E-04,0,0.006329,0.057057
0.001223,0.001358,0.034307,0.025499,0.015066,0.00412,0.0059,0.002813,0.001713,0.012617,0.010088,2.79E-04,3.01E-04,0.004408,0.001053,0,0.003651,0.939339
7.60E-05,0.009506,0.433087,0.216186,0.088512,0.023385,0.015,0.088608,0.016964,0.060748,0.016281,0.002328,3.01E-04,0.013901,0,0,0.00779,0.472472
0,0.013308,0.677135,0.511086,0.077213,0.052561,0.221,0.036568,0.006702,0.05257,0.00627,9.30E-05,0.001203,0.005594,0,0,0.044304,0.042042
0,0.001494,0,0.187361,0,0.015256,0.0571,0.029536,3.16E-04,0.321262,0.002064,0.001583,0.007218,0.03899,0,0.003559,0.006573,0.676476
0,0.002716,0,0.141907,0,0.023608,0.0338,0.035162,2.33E-04,0.26729,0.001471,0,0.057444,0.113918,0,0,0.007059,0.72963
2.68E-04,0.001222,0.045709,0.083149,0,0.007238,0.0638,0.005626,0,0.005491,0.02771,9.30E-05,0,0.011866,0,0,0.004869,0.847648
1.15E-04,0.018468,0.481096,0.299335,0.062147,0.05078,0.024,0.078762,0.013355,0.154206,0.015506,0,0,0.011866,0,0,0.008763,0.34034
0,0.001086,0,0.380266,0,0.034744,0.2667,0.032349,2.33E-04,0.280841,0.001419,0,0.07609,0.055942,0,0.014235,0.013389,0.483283
0,0.006926,0.230146,0.157428,0,0.014143,0.046,0.025316,0.001963,0.024416,0.003922,0.001304,0.002707,0.003051,1.58E-04,0,0.007546,0.695295
2.68E-04,0.002852,0.091818,0.049889,0.086629,0.006236,0.005,0.043601,0.00454,0.036332,0.007457,9.30E-05,0,0.014748,0.002632,0,0.003895,0.865866
0.002446,0.001086,0.329066,0.247228,0.015066,0.005568,0.1,0.008439,0.002528,0.022196,0.005005,9.31E-04,0,0.003899,4.74E-04,0,0.022882,0.544545
0.002523,4.07E-04,0.209842,0.10643,0.045198,0.005011,0.015,0.036568,0.002777,0.039836,2.60E-05,0.001211,0,0.023563,0.002895,0,0.002191,0.734835
0,0,0,0.256098,0,4.45E-04,0,0,2.99E-04,0,2.60E-05,0,0,1.70E-04,0,0,0,0.666667
0,0.006247,0.734147,0.498891,0.030132,0.038976,0.168,0.029536,0.00607,0.045561,0.010475,9.30E-05,0,0.003051,0,0,0.025803,0.051051
0,0.002037,0,0.210643,0,0.013474,0.0741,0.035162,3.16E-04,0.337967,0.002219,0.00149,0.009925,0.079675,0,0.003559,0.006573,0.638539
0,0.001765,0,0.176275,0,0.010356,0.0399,0.030942,2.99E-04,0.337383,0.001677,7.45E-04,0.006917,0.055942,0,0.003559,0.006573,0.680881
0,5.43E-04,0.003801,0.017738,0,0.002339,0.0057,0.001406,0.001696,0.023598,0.007895,0,0.003008,0.001695,0,0,4.87E-04,0.96046
0,0.003666,0,0.182927,0,0.017261,0.0829,0.030942,2.16E-04,0.247897,0.001393,0,0.035489,0.096796,0,0.003559,0.008033,0.695295
7.60E-05,0.003123,0.429086,0.279379,0.026365,0.004232,0.085,0.008439,8.32E-04,0.028037,0.006553,0.002235,0.004812,0.004408,1.05E-04,0.003559,0.003651,0.454454
0,2.72E-04,0.095619,0.04102,0,0.001225,2.00E-04,0,3.30E-05,8.18E-04,1.03E-04,0,0,0,0,0,0,0.904004
0,0.002716,0.089918,0.288248,0.00565,0.01392,0.132,0.033755,8.98E-04,0.290187,0.007095,0.001863,0.009023,0.072894,0,0.003559,0.025803,0.516917
0,0.001358,0,0.17184,0,0.02216,0.0764,0.029536,0.001197,0.252921,0.001625,1.86E-04,0.058947,0.08832,0,0.003559,0.003408,0.702803
0,0.001765,0,0.169623,0,0.012027,0.0407,0.032349,2.49E-04,0.316939,0.001316,7.45E-04,0.009323,0.091541,0,0.003559,0.006573,0.679179
0,0.005296,0.09842,0.239468,0.003766,0.018263,0.0627,0.045007,0.002279,0.331893,0.01174,9.31E-04,0.038496,0.071199,0,0,0.012902,0.531932
2.29E-04,0.005296,0.75045,0.312639,0.150659,0.011359,0.0039,0.060478,0.004357,0.028621,5.20E-05,0,0,0.027971,2.11E-04,0,0.001217,0.205506
0,0.001901,0.659032,0.269401,0.163842,0.01559,0.0032,0.022504,0.001497,0.010864,0.002245,0,0,0.02119,0.002053,0,0.012902,0.317918
0,0.007333,0.777856,0.48337,0.028249,0.007461,0.1275,0.040788,0.002661,0.030374,0.005005,0.001863,0.004812,0.002543,1.05E-04,0,0.023856,0.058058
0.001452,6.79E-04,0.321464,0.146341,0.041431,0.006459,0.0027,0.004219,3.99E-04,0.002336,0.022008,3.73E-04,0,0,0,0,4.87E-04,0.651051
0,6.79E-04,0.106021,0.045455,0,5.57E-04,0,0.001406,2.16E-04,0,3.35E-04,0,0,0,0,0,0,0.893894
0,0.002444,0,0.140798,0,0.007238,0.0371,0.036568,1.33E-04,0.256893,0.001496,0,0.015038,0.125784,0,0.014235,0.003165,0.736937
0,1.36E-04,0.9979,0.431264,0,6.68E-04,0,0,6.70E-05,0,5.20E-05,0,0,0,0,0,0,0.002302
0,6.79E-04,0.024305,0.0898,0,0.010913,0.0252,0.015471,6.15E-04,0.140537,0.001058,0,0.037895,0.006611,0.001105,0.014235,0.009007,0.825225
0,0.002173,0,0.292683,0,0.016704,0.2145,0.029536,3.16E-04,0.193692,0.001574,0,0.07609,0.022038,0,0.003559,0.005355,0.614515
0,0.001358,0,0.196231,0,0.012027,0.0827,0.033755,3.49E-04,0.280257,0.002245,7.45E-04,0.01203,0.07764,0,0.007117,0.004382,0.674374
0,0.00421,0.724145,0.480044,0.06403,0.044655,0.142,0.074543,0.011575,0.077103,0.017803,2.79E-04,0.002707,0.008646,0,0,0.017527,0.045045
0,0.002037,0,0.154102,0,0.022494,0.0505,0.032349,2.49E-04,0.256542,0.001909,0,0.063459,0.082895,0,0.003559,0.007059,0.725826
0,0.003531,0.638728,0.525499,0.045198,0.035635,0.2331,0.054852,0.006154,0.059813,0.008876,0,0.001805,0.004238,0,0,0.054528,0.064865
0,0.020369,0.730146,0.474501,0.045198,0.050111,0.156,0.066104,0.003709,0.068925,0.021286,9.30E-05,0,0.006611,0,0,0.02702,0.031031
3.80E-05,0.00163,0.533107,0.282705,0.067797,0.034298,0.012,0.043601,0.014353,0.125,0.015223,9.30E-05,0,0.007289,1.05E-04,0,0.008033,0.329329
0.002676,0.00421,0.040008,0.018847,0.018832,0.010802,0.0013,0.015471,0.001281,0.009112,0.00369,5.59E-04,0,0.018817,0.004895,0,0.016553,0.943744
0,9.51E-04,0.0024,0.202882,0,0.015813,0.0935,0.030942,4.32E-04,0.28493,0.020899,9.30E-05,0.017444,0.074589,0,0.02847,0.008033,0.637337
0,0.011543,0.40208,0.261641,0.077213,0.046102,0.046,0.046414,0.01254,0.110981,0.010656,0,0,0.007628,0,0,0.011685,0.44044
3.44E-04,0.001222,0.113823,0.150776,0,3.34E-04,0.0997,0,0,0.011682,0.002038,9.30E-05,0,0,0,0,0.019718,0.773473
0.002637,0.001358,0.018004,0.021064,0.003766,0.004454,0.001,0.004219,0.004989,0.033879,0.007818,5.59E-04,0,0.010171,0.001526,0,0.004382,0.938639
0,9.51E-04,0.008502,0.096452,0,0.013252,0.0341,0.018284,6.15E-04,0.164369,0.001109,0,0.057143,0.006272,6.32E-04,0.003559,0.004625,0.811411
0,0.003531,0,0.230599,0,0.019933,0.0973,0.035162,3.49E-04,0.328271,0.001754,0,0.010526,0.069503,0,0,0.008277,0.617618
0,0.001494,0,0.168514,0,0.008686,0.0781,0.033755,4.49E-04,0.22278,0.001961,0,0.038195,0.083065,0,0,0.006086,0.719219
7.60E-05,0.003259,0.513403,0.501109,0.035782,0.044543,0.2525,0.042194,0.010644,0.057593,0.008411,3.73E-04,0.003008,0.004068,6.84E-04,0,0.049172,0.167768
0,0.001222,0.0017,0.237251,0,0.007684,0.1595,0.026723,2.66E-04,0.191238,0.002167,0.002608,0.016842,0.053907,1.05E-04,0.003559,0.005355,0.673674
0,0.006247,0.677135,0.466741,0.037665,0.028174,0.169,0.050633,0.00474,0.046729,0.004335,9.30E-05,0.005113,0.01051,5.30E-05,0,0.003408,0.101101
0,9.51E-04,0.080516,0.04102,0,6.68E-04,0.0012,0.009845,2.16E-04,0.002453,3.35E-04,0,6.02E-04,0.004577,2.63E-04,0,0,0.912412
7.64E-04,0.002173,0.095619,0.047672,0.052731,0.008909,0.0017,0.032349,0.005472,0.018808,0.002012,1.86E-04,0,0.011358,0.002579,0,9.74E-04,0.876677
3.80E-05,0.006518,0.736147,0.488914,0.035782,0.026503,0.152,0.019691,0.004357,0.058411,0.010011,7.45E-04,0.00391,0.012375,0,0,0.005599,0.051051
0,6.79E-04,0,0.126386,0,0.00412,0.0259,0.036568,2.49E-04,0.248014,0.002993,8.38E-04,0.006015,0.126971,6.32E-04,0.003559,0.004625,0.758659
0,0.00258,0,0.201774,0,0.02049,0.0637,0.035162,1.83E-04,0.341706,0.001548,0,0.049323,0.106459,0,0.003559,0.00925,0.643343
0,8.15E-04,0.015103,0.0898,0,0.008463,0.0245,0.015471,6.15E-04,0.153271,0.001006,0,0.049624,0.008306,0,0.024911,0.006816,0.824525
0,0.002716,0.005901,0.168514,0,0.005679,0.045,0.039381,6.82E-04,0.318224,0.011198,6.52E-04,0.010226,0.080861,0,0.003559,0.005599,0.655956
0,0.001086,0,0.247228,0,0.03029,0.0886,0.030942,2.00E-04,0.392056,0.001135,0,0.056241,0.074758,0,0.007117,0.010954,0.573874
2.29E-04,0.002444,0.214443,0.107539,0.043315,0.011915,0.0013,0.042194,0.003792,0.030724,3.61E-04,9.30E-05,0,0.06001,0.004368,0,0.001704,0.745245
0,0.003938,0.639128,0.449002,0.039548,0.025056,0.163,0.043601,0.002129,0.056075,0.006631,0.001863,0.002105,0.005933,0,0,0.003651,0.136136
0,0.012357,0.5021,0.307095,0.060264,0.030178,0.043,0.028129,0.009297,0.100467,0.013081,0,0,0.006611,0,0,0.007303,0.348348
0.001147,8.15E-04,0.219544,0.094235,0.041431,0.004343,0.0013,0.002813,0.004357,0.004673,2.60E-05,1.86E-04,0,0.010002,5.26E-04,0,0.012658,0.774775
1.15E-04,0.006247,0.506501,0.44235,0.039548,0.041759,0.191,0.025316,0.006403,0.072547,0.008153,4.66E-04,0.003308,0.006272,6.32E-04,0,0.03481,0.226226
0,8.15E-04,0.008402,0.126386,0,0.009354,0.0313,0.030942,4.49E-04,0.239953,0.03042,0.001211,0.012632,0.078149,0,0.02847,0.006573,0.716917
0,4.07E-04,0.614823,0.259424,0,3.34E-04,0,0.002813,0.001131,0,0.002116,0,0,0,0,0,0,0.38018
0,5.43E-04,0.006901,0.143016,0,0.008352,0.0575,0.026723,1.70E-05,0.217991,0.022731,0.001118,0.012932,0.060349,0,0.024911,0.004869,0.706907
5.73E-04,0.00516,0.663133,0.272727,0.013183,0.00167,0,0.002813,3.33E-04,0.003505,0.001445,2.79E-04,0,0.003221,0.002526,0,0.001461,0.332332
0,5.43E-04,0.108122,0.047672,0.001883,2.23E-04,0.0015,0.002813,5.00E-05,5.84E-04,1.03E-04,0,0,5.09E-04,0.001632,0,4.87E-04,0.88969
0,0.00258,0,0.37694,0,0.019042,0.2875,0.019691,2.83E-04,0.221729,0.001109,0,0.070075,0.013562,0,0.003559,0.002434,0.502302
0,0.002852,0,0.146341,0,0.011136,0.0544,0.035162,4.66E-04,0.225935,0.002141,0,0.041203,0.074589,0,0,0.006573,0.741241
0,6.79E-04,0.191738,0.08204,0.030132,0.00245,0.0013,0.005626,5.32E-04,0.002336,1.29E-04,0,0,0.002373,5.79E-04,0,0.001947,0.804304
0,0.004481,0.152631,0.100887,0.096045,0.018597,0.0117,0.053446,0.005488,0.063201,0.011585,0,0,0.018647,0.003158,0,0.001217,0.762262
0,0.001358,0.457091,0.618625,0.028249,0.028953,0.385,0.022504,0.008233,0.086449,0.006528,0,0,0.003221,0,0,0.013389,0.074074
0,0.015617,0.79916,0.468958,0.013183,0.017483,0.098,0.012658,0.004657,0.046729,0.017725,0,0.001504,0.002712,0,0,0.018744,0.04004
0,1.36E-04,0.078416,0.035477,0,0.001002,5.00E-04,0,0,0,5.68E-04,0,0.041203,0.025937,0,0,0,0.92002
0,0.001222,0.032707,0.039911,0.001883,0.002339,0.0207,0.005626,0.002495,0.012967,0.010088,0.00149,0.007218,0.002543,0,0,0,0.924725
0,0.001494,0,0.274945,0,0.019599,0.1934,0.025316,0.001048,0.215421,0.001419,4.66E-04,0.052632,0.07408,0,0.003559,0.003408,0.615315
0,0.005839,0.610122,0.313747,0.020716,0.02294,0.012,0.014065,0.002279,0.063084,0.008798,0.002701,0,0.002034,0,0,2.43E-04,0.31031
0.003822,0.001086,0.074115,0.075388,0.001883,0.007461,0.0321,0.009845,0.004989,0.029322,0.019944,0.001583,0,0.005086,4.21E-04,0,0.021665,0.846847
0,0.017382,0.047409,0.069845,0,5.57E-04,0.034,0.018284,3.30E-05,0.038902,0.001471,1.86E-04,0.010226,0.006781,4.74E-04,0,0.003165,0.878178
3.80E-05,4.07E-04,0.036607,0.026608,0.00565,0,0.0057,0,0.001331,0.011332,0.010011,0,9.02E-04,0.001695,0,0,4.87E-04,0.939339
0,0.002716,0,0.155211,0,0.023608,0.0478,0.035162,2.33E-04,0.26507,0.001471,0,0.056842,0.1129,0,0.003559,0.007303,0.715115
0,0.002173,0,0.329268,0,0.026949,0.1917,0.026723,1.66E-04,0.338084,0.001213,0,0.06406,0.047974,0,0.007117,0.012415,0.51952
0,0.010592,0.553711,0.570953,0.067797,0.013474,0.3053,0.087201,0,0.119626,0.009211,0.001583,0.00782,0.016952,1.58E-04,0,0.003651,0.014414
0,8.15E-04,0,0.192905,0,0.025612,0.062,0.025316,1.66E-04,0.321612,9.29E-04,0,0.045714,0.062553,0,0.003559,0.00852,0.668168
0,2.72E-04,0.002,0.001109,0,8.91E-04,0,0.001406,7.32E-04,0,2.60E-05,0,0,0,0,0,0,0.997998
0,8.15E-04,0.003001,0.004435,0,2.23E-04,0.0023,0.002813,5.00E-05,0.003271,0.010346,0,0,3.39E-04,0,0,2.43E-04,0.983784
0,0.00258,0,0.239468,0,0.022272,0.0973,0.039381,4.66E-04,0.35035,0.002167,0,0.075789,0.027123,0,0.003559,0.003895,0.61041
0,0.001086,0.818564,0.481153,0.030132,0.006347,0.1136,0.021097,0.007684,0.011682,0.017596,0,0,0.008476,1.58E-04,0,0.001704,0.037037
0,0.002852,0,0.18847,0,0.020156,0.0496,0.035162,1.83E-04,0.342757,0.0016,0,0.042105,0.109849,0,0.003559,0.009007,0.655355
0,0.004345,0.030806,0.101996,0,0.007572,0.0138,0.046414,5.82E-04,0.182009,0.001135,9.31E-04,0.039098,0.009493,0.002474,0,0.029211,0.786286
0,0.011678,0.557111,0.304878,0.041431,0.029176,0.012,0.036568,0.008,0.106308,0.013829,0,0,0.005764,0,0,0.007303,0.321321
0,0.001901,0,0.099778,0,0.002339,0.0055,0.036568,2.16E-04,0.233528,0.006734,0.001956,0.06406,0.055433,0,0.021352,0.013389,0.797297
2.68E-04,0.016567,0.04961,0.037694,0,3.34E-04,8.00E-04,0.015471,5.00E-05,0.039369,0.001084,1.86E-04,0.015038,0.006272,0,0,2.43E-04,0.909309
0,5.43E-04,0.016403,0.032151,0,3.34E-04,0,0.007032,1.00E-04,0.002804,1.03E-04,0,6.02E-04,0.005764,0,0,0,0.94975
0,0.003259,0.038308,0.18071,0.024482,0.011359,0.086,0.030942,0.009264,0.193925,0.033645,0,0.012632,0.055772,0.002105,0.024911,0.001947,0.673373
0.002408,0.003531,0.045009,0.022173,0.024482,0.010022,0.001,0.018284,0.003326,0.013435,0.006476,4.66E-04,0,0.006272,0.002526,0,0.007059,0.933934
7.60E-05,0.00163,0.174535,0.078714,0.018832,0.01314,3.00E-04,0.019691,0.002511,0.007126,1.03E-04,0,0,0.036955,0.002158,0,0.002921,0.813213
0,0.004753,0.661132,0.533259,0.097928,0.034855,0.264,0.054852,0.006187,0.042056,0.008411,1.86E-04,0.001504,0.007459,0,0,0.005355,0.02002
8.41E-04,0.001358,0.003601,0.162971,0,0.024722,0.0582,0.02391,4.49E-04,0.254673,0.022834,1.86E-04,0.056241,0.037464,1.58E-04,0.003559,0.002921,0.695996
0,0.00258,0,0.216186,0,0.020935,0.0763,0.035162,1.83E-04,0.345561,0.0016,0,0.050827,0.107645,0,0.003559,0.00925,0.643343
0,0.001086,0.042108,0.115299,0.009416,0.016036,0.0166,0.029536,2.99E-04,0.199416,0.026188,9.31E-04,0.002707,0.021699,0.003,0.003559,0.002191,0.741441
0,0.002852,0,0.155211,0,0.010022,0.0564,0.032349,2.00E-04,0.242523,0.001729,0,0.030376,0.097813,0,0.017794,0.006086,0.729129
0,0.001494,0,0.08204,0,0.001893,0.0045,0.029536,1.83E-04,0.190654,0.005496,0.001583,0.055038,0.047635,0,0.017794,0.010954,0.834635
0,0.00163,0.929186,0.41796,0,1.11E-04,0.006,0.001406,0,0,0.037179,9.30E-05,6.02E-04,3.39E-04,0,0,4.87E-04,0.026026
0,0.005432,0,0.219512,0,0.01637,0.0648,0.039381,6.32E-04,0.381542,0.002606,0,0.060451,0.04238,0,0,0.010954,0.592993
0,8.15E-04,0.067013,0.221729,0.003766,0.001448,0.2,0.002813,3.33E-04,0.003505,0.02771,0,0.002105,0.005086,2.11E-04,0,0.014362,0.700701
0,0.002173,0,0.196231,0,0.008241,0.1014,0.032349,1.66E-04,0.234579,0.001393,1.86E-04,0.019248,0.10595,5.30E-05,0.017794,0.003895,0.691992
0,2.72E-04,0,0,0,5.57E-04,0,0.007032,4.49E-04,0.001168,5.20E-05,0,0,0,0,0,0,0.993994
0,5.43E-04,0.078116,0.032151,0.030132,0.002339,3.00E-04,0.005626,5.65E-04,0.00222,5.20E-05,0,0,0.002373,5.26E-04,0,0.001947,0.919019
0,9.51E-04,0,0.230599,0,0.025501,0.0965,0.025316,1.66E-04,0.330724,9.55E-04,0,0.047218,0.063062,0,0.007117,0.009981,0.62032
4.97E-04,0.004753,0.645129,0.556541,0.033898,0.030512,0.241,0.02391,0.007118,0.071262,0.01174,0.001676,0.002707,0.013731,0,0.003559,0.008033,0.037037
0,0.002444,0.043009,0.02439,0.011299,0.004454,0.001,0.012658,0.002362,0.029206,1.55E-04,0,0.003008,0.018647,0,0.003559,2.43E-04,0.922122
6.12E-04,0.001222,0.057011,0.026608,0.06403,0.002673,0.0019,0.019691,0.004158,0.011799,5.20E-05,9.30E-05,0,0.01424,0.001158,0,0.007303,0.925025
0,0.002716,0,0.269401,0,0.023831,0.1346,0.030942,4.16E-04,0.331425,0.001858,0,0.068571,0.016952,0,0.003559,0.004382,0.568569
3.80E-05,6.79E-04,0.185937,0.0898,0.037665,0.009577,0.01,0.028129,0.002877,0.030607,0.008334,0,0,0.007967,0.004474,0,0.001704,0.76997
0,0.001358,0.0011,0.176275,0,0.007016,0.0929,0.028129,2.83E-04,0.205491,0.002683,0.001304,0.016541,0.056281,0,0.003559,0.004625,0.725325
8.03E-04,0.002173,0.09962,0.04878,0.037665,0.008797,0.0018,0.032349,0.005422,0.019626,0.007353,1.86E-04,0,0.011358,0.001895,0,9.74E-04,0.871471
0,0.001222,0,0.302661,0,0.030401,0.1737,0.032349,2.66E-04,0.319276,0.0016,0,0.075489,0.055942,0,0.010676,0.004382,0.53984
0.001796,6.79E-04,0.160732,0.292683,0,2.23E-04,0.223,0.001406,7.48E-04,0.011449,0.0016,3.73E-04,0,0,0,0,0.020691,0.604304
0,8.15E-04,0.008202,0.136364,0,0.008575,0.0378,0.030942,1.66E-04,0.249416,0.001677,2.79E-04,0.014737,0.097474,0,0.014235,0.004382,0.73013
0,0.004345,0,0.274945,0,0.02784,0.1644,0.028129,2.00E-04,0.273949,0.002245,0,0.075789,0.058315,0,0.007117,0.010711,0.587487
0,8.15E-04,0,0.181818,0,0.026169,0.0467,0.026723,1.66E-04,0.33236,9.80E-04,0,0.04391,0.06357,0,0.003559,0.008763,0.666767
0.001529,0.004074,0.087518,0.052106,0.011299,0.004454,0.0087,0.007032,5.32E-04,0.011332,0.029129,3.73E-04,0.009323,0,2.11E-04,0,0.0185,0.86036
0,0.002037,0.281056,0.241685,0.037665,0.016815,0.115,0.02391,0.003709,0.036916,8.77E-04,0,0,0.02136,0.003316,0,0.004625,0.561562
0,4.07E-04,0.905181,0.422395,0,0.001448,0,0.002813,1.83E-04,0.091121,0.012023,0,0,1.70E-04,0,0,0,0.01001
0,0.015752,0.603221,0.44235,0.060264,0.040089,0.1593,0.050633,0.008066,0.042407,0.008566,9.30E-05,0.001805,0.024241,0.001,0,0.026534,0.185886
0,4.07E-04,0.144029,0.062084,0,5.57E-04,0,0.001406,1.70E-05,3.50E-04,7.70E-05,0,0,0.001356,0,0,0,0.856657
0,0.001901,0.163233,0.329268,0.016949,0.009243,0.1882,0.035162,0.001879,0.182126,0.01481,4.66E-04,0.009925,0.025089,3.16E-04,0.007117,0.027264,0.471271
0,6.79E-04,0.030706,0.17184,0,0.018151,0.0578,0.030942,2.49E-04,0.249065,0.017545,0,0.045714,0.04577,0,0.007117,0.00925,0.679079
0,0.011407,0.587117,0.284922,0.003766,0.002561,0.003,0.011252,0.001048,0.071262,0.013184,0,9.02E-04,0.001017,0,0,2.43E-04,0.329329
0,0.001494,0.009402,0.149667,0,0.026726,0.0595,0.026723,3.16E-04,0.213551,0.001909,0.002235,0.01203,0.057637,0.003053,0.003559,0.01704,0.738438
3.80E-05,5.43E-04,0.195639,0.088692,0.045198,0.003898,0.0043,0.026723,0.002112,0.032126,0.006321,0,0,0.021868,0.001632,0,0.001704,0.768068
0,0.006654,0.485097,0.404656,0.024482,0.036748,0.165,0.02391,0.00652,0.07243,0.024305,0,0.004211,0.007967,0,0,0.032132,0.267267
0,0.006382,0.64813,0.508869,0.037665,0.007016,0.216,0.060478,0.005838,0.063084,0.005934,0,0.001805,0.00712,0,0,0.022639,0.06997
0,0.002309,0.208842,0.127494,0.131827,0.026615,0.0038,0.060478,0.008582,0.091121,5.20E-05,0,0,0.027293,0,0,0.004382,0.698599
0,0.001765,0,0.203991,0,0.010245,0.0742,0.030942,2.99E-04,0.319977,0.0016,0.002328,0.006316,0.049161,0,0.003559,0.006573,0.662763
0,0.001222,0,0.184035,0,0.021826,0.0904,0.029536,0.001214,0.247897,0.001651,1.86E-04,0.058346,0.082726,0,0.003559,0.003651,0.693093
0,4.07E-04,0.087718,0.037694,0,0.002004,0,0.001406,2.16E-04,0,1.81E-04,0,0,0,0,0,0,0.913213
0,0.006654,0,0.128603,0,0.01559,0.0096,0.075949,4.99E-04,0.294743,0.019686,0.002235,0.04812,0.067808,0,0.02847,0.013389,0.715516
0,0.001494,0.526105,0.331486,0.035782,0.035746,0.06,0.021097,0.007917,0.082944,0.012462,0,0,0.005086,0,0,0.001947,0.326326
0,0.002173,0.005101,0.207317,0,0.012695,0.0471,0.043601,3.49E-04,0.390654,0.002038,6.52E-04,0.011128,0.108493,0,0.003559,0.010224,0.602703
0,4.07E-04,0.002901,0.002217,0,0.001225,3.00E-04,0.001406,0.00178,0.001285,2.06E-04,0,0,0,0,0,0,0.996396
0,0.008827,0.39808,0.261641,0.084746,0.034744,0.044,0.049226,0.012956,0.121495,0.010501,1.86E-04,0,0.012375,0,0,0.010711,0.44044
0,6.79E-04,0.133027,0.056541,0,5.57E-04,0,0.001406,2.16E-04,0,3.10E-04,0,0,0,0,0,0,0.867868
1.15E-04,0.001901,0.277556,0.210643,0.047081,0.007127,0.0862,0.02391,0.002112,0.023949,0.012385,0,0,0.021699,0.003316,0,0.005599,0.597598
1.15E-04,5.43E-04,0.109022,0.068736,0.033898,0.003341,0.009,0.009845,3.33E-04,0.030374,2.32E-04,0,6.02E-04,0.011866,5.30E-05,0.003559,0.001704,0.853854
0,2.72E-04,0.076815,0.043237,0.067797,0.005902,0.0035,0.026723,0.003709,0.040304,1.29E-04,0,0,0.029497,0,0.017794,0,0.878278
0,9.51E-04,0,0.254989,0,0.018263,0.169,0.028129,0.001197,0.228388,0.00129,4.66E-04,0.048421,0.065774,0,0.003559,0.002434,0.631431
0,0.014666,0.495099,0.296009,0.043315,0.033742,0.036,0.033755,0.00637,0.095794,6.97E-04,0,9.02E-04,0.010849,0,0,0.005355,0.367367
0.001338,0.008963,0.807161,0.443459,0.071563,0.043541,0.078,0.112518,0.012706,0.074766,0.007611,3.73E-04,0,0.031361,0,0,0.020691,0.033033
0,5.43E-04,0.013003,0.006652,0.007533,8.91E-04,4.00E-04,0.007032,3.16E-04,0.001168,1.29E-04,0,0,0.002034,0,0,4.87E-04,0.984685
0,0.003123,0.157532,0.320399,0.015066,0.007238,0.1675,0.039381,0.003576,0.218925,0.022112,4.66E-04,0.005414,0.084252,0,0.007117,0.021908,0.460661
7.60E-05,6.79E-04,0.007802,0.007761,0,0.001002,8.00E-04,0.004219,2.00E-04,0.010164,0.034186,0,6.02E-04,0.001865,5.30E-05,0,2.43E-04,0.948448
0,0.001358,0,0.39357,0,0.026169,0.2851,0.028129,2.33E-04,0.268808,0.001651,0,0.070376,0.03899,0,0.017794,0.005599,0.477778
0,0.002309,0,0.207317,0,0.022383,0.0672,0.035162,1.83E-04,0.344743,0.001574,0,0.049323,0.092897,0,0.003559,0.009494,0.633333
0,8.15E-04,4.00E-04,0.019956,0,3.34E-04,0,0.001406,9.15E-04,0,5.20E-05,0,0,0,0,0,0,0.948749
1.91E-04,0.016431,0.046609,0.067627,0,5.57E-04,0.0325,0.016878,6.70E-05,0.040537,0.001187,0.002515,0.011128,0.005425,2.63E-04,0.003559,0.001461,0.87988
0,0.002173,0.055411,0.254989,0.041431,0.018263,0.2384,0.052039,0.015234,0.026752,3.87E-04,0,0,0.005594,0.001474,0,0.003651,0.676877
1.15E-04,9.51E-04,0.69964,0.2949,0.018832,0.002116,2.00E-04,0.008439,0.002195,0.001752,7.74E-04,0,0,0.00339,4.74E-04,0,0,0.297998
0,4.07E-04,0.813163,0.35255,0.001883,0.002561,0.002,0.002813,1.33E-04,0.021028,0.002064,0,0,5.09E-04,0,0,0,0.164164
0,0.010456,0.810162,0.468958,0.013183,0.015145,0.095,0.012658,0.004624,0.045561,0.017158,0,0.001203,0.003051,0,0,0.001947,0.035035
0,0.002309,0,0.227273,0,0.032183,0.0635,0.032349,2.00E-04,0.404206,0.001471,0,0.070075,0.054416,0,0.003559,0.010467,0.593493
0,0.001222,0.026005,0.090909,0,0.003007,0,0.014065,0.001946,8.18E-04,1.29E-04,0,0,0.008476,0,0,0,0.869469
0,0,0.492098,0.044346,0.056497,0,0,0,0,0.009346,5.42E-04,0,0,0,0,0,0,0.500501
0,8.15E-04,0,0.208426,0,0.024276,0.0821,0.02391,1.50E-04,0.312967,9.03E-04,0,0.044812,0.059671,0,0.007117,0.00925,0.647347
0,0.003395,0,0.18847,0,0.019822,0.0497,0.036568,3.49E-04,0.342523,0.001806,0,0.011128,0.077979,0,0.007117,0.008033,0.649449
0,0.004345,0,0.250554,0,0.012249,0.0915,0.037975,6.32E-04,0.392173,0.002167,0,0.039699,0.047466,0,0,0.010224,0.57017
0,0.003802,0,0.165188,0,0.01804,0.0629,0.032349,2.33E-04,0.253738,0.001471,0,0.035489,0.101034,0,0.003559,0.007546,0.687888
0,0.003259,0.075915,0.296009,0.009416,0.011024,0.1692,0.030942,0.002162,0.246846,0.015248,0.002049,0.017744,0.038481,0,0.003559,0.008033,0.51972
0.00172,0.002173,0.036307,0.01663,0.009416,0.003118,0.0011,0.018284,0.001314,0.007593,5.20E-05,4.66E-04,0,0.006781,0.001474,0,7.30E-04,0.953253
0,0.001222,0,0.322616,0,0.029844,0.1971,0.032349,2.49E-04,0.308645,0.001625,0,0.074286,0.057637,0,0.010676,0.004382,0.528228
1.15E-04,0.023357,0.697139,0.504435,0.035782,0.039866,0.158,0.030942,0.009181,0.088785,0.015274,0.00149,0.002406,0.006272,1.05E-04,0,0.029698,0.047047
0.003478,0.001358,0.145129,0.063193,0.011299,0.003786,0.0015,0.004219,2.16E-04,0.001986,1.29E-04,0.001676,0,0.001526,0.001579,0,0.005842,0.851051
9.94E-04,6.79E-04,0.228446,0.09867,0.048964,0.002895,0.0033,0.037975,0.00449,0.012734,2.60E-05,2.79E-04,0,0.062214,0.004579,0,0.002434,0.74985
2.68E-04,0.013308,0.130026,0.101996,0.011299,0.046548,0.0308,0.021097,0.001064,0.035631,9.80E-04,0.002049,0.008722,0.006103,0.001895,0,0.002191,0.802903
0,0.003259,0,0.150776,0,0.006793,0.048,0.035162,1.50E-04,0.254556,0.001548,0,0.015038,0.124597,0,0.017794,0.003165,0.724725
0.002255,0.001901,0.171534,0.074279,0.016949,0.003229,0.0035,0.007032,0.011941,0.00736,5.20E-05,4.66E-04,0,0.018647,0.002105,0,0.004625,0.813814
0,0.003259,0,0.241685,0,0.016147,0.0781,0.036568,6.65E-04,0.402336,0.002554,0,0.046015,0.057637,0,0,0.00852,0.561361
0,6.79E-04,0.935187,0.420177,0.011299,8.91E-04,0.004,0,1.33E-04,0.003505,0.016384,0,0,0,0,0,0,0.039039
3.80E-05,0.008691,0.709142,0.385809,0.086629,0.032294,0.073,0.037975,0.005705,0.043224,0.00903,8.38E-04,0.002707,0.012714,1.58E-04,0,0.015823,0.165165
0,0.001358,0,0.288248,0,0.019265,0.2096,0.025316,0.001064,0.209346,0.001471,4.66E-04,0.052331,0.0673,0,0.007117,0.003651,0.604104
0,0.003531,0,0.206208,0,0.007572,0.0836,0.035162,1.16E-04,0.301285,0.001471,0,0.015639,0.114426,0,0.02847,0.002434,0.652052
0,4.07E-04,0.980196,0.436807,0,0.003341,0.002,0.004219,1.66E-04,0,9.80E-04,0,0,5.09E-04,0,0,0,0.013013
0,0.001086,0.038708,0.036585,0.009416,0.003786,0.0107,0.002813,0.002495,0.023715,0.010707,0,0.003308,0.005086,2.11E-04,0,7.30E-04,0.919319
7.60E-05,0.003395,0.062813,0.059867,0.011299,0.007127,0.0175,0.035162,0.003709,0.038201,0.001316,0,0,0.013053,0,0,0.002678,0.881381
0,4.07E-04,0.141928,0.068736,0,2.23E-04,0,0.001406,3.30E-05,0.014252,0.001935,0,0,0,0,0,0,0.844745
0,0.01969,0,0.110865,0,0.023719,0.0136,0.046414,0.006586,0.238551,0.020047,0,0.022256,0.001695,0.002158,0,0.026777,0.759259
0,0.018876,0.55051,0.305987,0.056497,0.054566,0.0221,0.039381,0.011975,0.103621,0.009521,0,0,0.01051,7.37E-04,0,0.008763,0.321021
0,5.43E-04,0.123025,0.055432,0.047081,0.009688,6.00E-04,0.007032,0.002678,0.01028,2.06E-04,0,0,0.026954,6.84E-04,0,0.012171,0.865065
0,0.001901,0,0.146341,0,0.013363,0.0571,0.030942,2.16E-04,0.218808,0.001677,0,0.027368,0.08832,0,0.021352,0.005842,0.743844
0,0.004889,0.729146,0.508869,0.037665,0.008797,0.189,0.067511,0.008149,0.063084,0.005934,0,0.001203,0.011697,0,0,0.04187,0.012312
3.80E-05,0.002988,0.066813,0.050998,0.013183,0.006125,0.0142,0.002813,0.003326,0.035748,0.018886,2.79E-04,0,0.006781,5.26E-04,0,0.005355,0.864364
0,0.001901,0,0.21286,0,0.015145,0.0898,0.028129,3.33E-04,0.303388,0.001909,0.001956,0.006617,0.035599,0,0.003559,0.006573,0.658959
1.15E-04,0.003123,0.076015,0.120843,0.003766,0.007795,0.073,0.009845,0.001663,0.040888,0.017055,8.38E-04,0.001504,0.006781,0,0,0.015579,0.804805
0,0.003531,0,0.18071,0,0.019822,0.0344,0.030942,4.49E-04,0.360397,0.002012,0,0.012331,0.100017,0,0.007117,0.002191,0.656657
0,0.004345,0.0013,0.230599,0,0.025612,0.0982,0.032349,3.83E-04,0.325584,0.001987,0,0.010827,0.055942,0,0.003559,0.015093,0.612513
0,8.15E-04,0,0.191796,0,0.007127,0.0628,0.036568,1.16E-04,0.318107,0.001213,0,0.016541,0.120868,0,0.014235,0.002434,0.656657
0,0.00163,0,0.207317,0,0.010468,0.1073,0.029536,2.99E-04,0.265421,0.002864,0.001118,0.012331,0.058824,0,0.003559,0.004138,0.663964
7.60E-05,0.023221,0.138028,0.094235,0,7.80E-04,0.0125,0.022504,6.70E-05,0.057593,0.001703,0.001118,0.01594,0.007628,4.21E-04,0,4.87E-04,0.790791
3.80E-05,0.001086,0.026105,0.094235,0,0.005122,0,0.016878,0.002195,8.18E-04,1.03E-04,0,0,0.009663,0,0,0,0.865766
0.001949,0.002037,0.033007,0.017738,0.035782,0.003675,0.0017,0.026723,0.002129,0.012033,0.006115,3.73E-04,0,0.014409,0.005684,0,0.002921,0.950951
0,0.001086,0.002501,0.242794,0,0.007461,0.1661,0.026723,2.66E-04,0.18972,0.001987,0.002142,0.019248,0.058145,0,0.003559,0.005112,0.666767
0,0,0.967193,0.399113,0.045198,0,0.003,0,0,0,2.60E-05,0,0,0,0,0,0,0.026026
0,0.001086,0.020404,0.13969,0.003766,0.026058,0.0484,0.030942,3.33E-04,0.204439,0.028742,6.52E-04,0.006917,0.03543,0.004684,0.003559,0.015579,0.71992
0,8.15E-04,0.052911,0.031042,0.041431,0.019376,0.0047,0.016878,0.001913,0.02535,5.20E-05,0,0,0.016104,0.002105,0.007117,2.43E-04,0.911712
3.06E-04,0.002852,0.119524,0.058758,0.161959,0.006793,0.0034,0.059072,0.003742,0.033762,0.001548,9.30E-05,0,0.013731,0.003895,0,0.004625,0.841642
7.26E-04,0.007197,0.183437,0.116408,0.120527,0.019488,0.0055,0.088608,0.006852,0.088084,1.81E-04,1.86E-04,0,0.009832,5.26E-04,0,0.003651,0.725826
0,0.009777,0.569114,0.329268,0.088512,0.035078,0.048,0.039381,0.009064,0.100467,0.01094,0,0,0.011527,2.11E-04,0,0.007546,0.278278
0,8.15E-04,0.021004,0.370288,0,0.008018,0.303,0.014065,3.99E-04,0.146028,0.033258,0,0.027068,0.035599,5.26E-04,0.017794,0.006329,0.515516
0.001223,8.15E-04,0.144929,0.063193,0.045198,0.003118,0.0033,0.008439,0.005588,0.008645,2.60E-05,2.79E-04,0,0.008815,0.005105,0,0.013875,0.842943
0,4.07E-04,0.0015,0.001109,0,2.23E-04,0,0,0,0.001402,1.03E-04,0,0,0,0,0,0,0.998398
0,0.002173,0.177736,0.088692,0.037665,0.006682,0.0075,0.060478,0.003809,0.021262,3.35E-04,0,0,0.027123,0.002632,0,0.006329,0.78969
0,0.003259,0,0.217295,0,0.012918,0.0658,0.039381,6.32E-04,0.372664,0.002296,0,0.049624,0.055942,0,0,0.010224,0.602202
1.15E-04,0.013036,0.090018,0.06541,0,0,0.014,0.022504,3.30E-05,0.030374,0.00258,0.001118,0.015639,0.01051,3.68E-04,0,9.74E-04,0.860861
0,8.15E-04,0.824165,0.337029,0.003766,0.004677,0,0.002813,0.001331,0.003505,1.03E-04,0,0,0.004068,2.63E-04,0,0,0.171171
0,0.002716,0,0.269401,0,0.019265,0.1423,0.030942,1.50E-04,0.314953,0.001445,0,0.04782,0.095609,0,0.007117,0.010711,0.584184
2.29E-04,0.002037,0.211542,0.103104,0.041431,0.012027,0.0013,0.039381,0.003642,0.029206,2.58E-04,9.30E-05,0,0.052721,0.005053,0,9.74E-04,0.74965
2.29E-04,0.013036,0.635127,0.515521,0.094162,0.031403,0.183,0.059072,0.008549,0.126168,0.028097,6.52E-04,0.004211,0.01407,0,0,0.009737,0.036036
3.80E-05,2.72E-04,0.217143,0.107539,0.050847,0.006125,0.0141,0.043601,0.003559,0.039019,7.70E-05,0,0,0.021529,0.003263,0,0.002191,0.729129
0.00344,0.003802,0.133327,0.078714,0.067797,0.017929,0.0029,0.04782,0.011642,0.047547,1.03E-04,7.45E-04,0,0.01051,0.004579,0,0.007059,0.812513
0,0.003259,0,0.231707,0,0.008797,0.1106,0.035162,1.50E-04,0.299182,0.001419,1.86E-04,0.017744,0.113409,0,0.02847,0.002678,0.623323
0,0.00163,0.840168,0.419069,0.030132,0.016036,0.027,0.009845,0.00316,0.049065,0.00707,9.30E-05,3.01E-04,0.002204,0,0,7.30E-04,0.08008
0,5.43E-04,0.532206,0.395787,0.003766,0.001448,0.1631,0.02391,0.013555,0.013668,9.29E-04,0,0,0.004916,0,0,0.003165,0.28999
3.80E-05,0.001358,0.185837,0.092018,0.084746,0.01069,0.0024,0.045007,0.010129,0.035981,1.29E-04,0,0,0.01407,0,0,2.43E-04,0.778378
0,6.79E-04,0.696139,0.293792,0,7.80E-04,0.001,0.002813,0.003077,0,0.001574,0,0,0,0,0,0,0.301301
0,9.51E-04,0.308662,0.175166,0.033898,0.014254,0.0093,0.025316,0.005355,0.067757,2.60E-05,0,0,0.008306,0,0,0.001461,0.621922
0,0.002852,0,0.213969,0,0.020379,0.0768,0.033755,1.66E-04,0.337266,0.001522,0,0.051128,0.10239,0,0.007117,0.009494,0.633934
0,4.07E-04,0.114023,0.05765,0.001883,0.002227,0.001,0.004219,0.002395,0.010514,2.60E-05,0,0,0.004577,0,0,4.87E-04,0.875876
0,4.07E-04,0,0,0,0,0,0.001406,0,0,1.03E-04,0,0,0,0,0,0,1
0,5.43E-04,0.035907,0.015521,0,1.11E-04,4.00E-04,0.014065,1.70E-05,0,1.55E-04,0,0,1.70E-04,7.89E-04,0,2.43E-04,0.963564
0,0.002309,0,0.334812,0,0.028174,0.1922,0.028129,1.66E-04,0.351869,0.00129,0,0.066767,0.050008,0,0.010676,0.012902,0.505005
7.60E-05,0.003395,0.30006,0.400222,0.015066,0.020379,0.245,0.028129,0.003742,0.074766,0.007973,0.001024,0.004211,0.011527,0,0,0.007059,0.382382
0,0.00258,0,0.322616,0,0.018486,0.2004,0.030942,1.50E-04,0.301986,0.001367,0,0.045714,0.09171,0,0.010676,0.011928,0.537037
0,0.001086,0.027205,0.092018,0,0.00412,0,0.015471,0.002062,8.18E-04,1.29E-04,0,0,0.009154,0,0,0,0.866667
0,0.001358,0.187037,0.092018,0.07533,0.003341,0.0117,0.016878,0.001979,0.019509,7.70E-05,0,0,0.012714,0.005368,0,0.014606,0.78008
0,1.36E-04,0.14763,0.078714,0.015066,0.006347,0.0046,0.009845,6.15E-04,0.019977,0.005754,0,0,0.007798,0,0,7.30E-04,0.83013
0,0.00163,0.879176,0.419069,0.067797,0.014365,0.019,0.063291,0.006104,0.026869,0.03687,0,0,0.002034,0,0,0.001704,0.032032
1.53E-04,0.015073,0.018004,0.067627,0.003766,0.012361,0.0369,0.037975,0.00647,0.076519,2.06E-04,0,0,0.008815,1.05E-04,0,2.43E-04,0.873473
7.60E-05,0.001086,0.20014,0.095344,0.037665,0.003452,0.001,0.028129,0.002328,0.019977,0.006218,0,0,0.045601,0.003895,0,2.43E-04,0.775375
0,0.00258,0,0.240576,0,0.009688,0.1232,0.035162,4.82E-04,0.28972,0.0024,0,0.037293,0.057637,0,0,0.010711,0.607908
0,0.001222,0.013903,0.13969,0,0.009131,0.0548,0.026723,3.66E-04,0.207593,0.030471,0.001211,0.01203,0.066113,0,0.024911,0.005112,0.717918
0,8.15E-04,0.04811,0.058758,0.007533,0.007795,0.0236,0.002813,0.003326,0.043808,0.014449,9.30E-05,0.003008,0.001695,0,0,4.87E-04,0.875676
0,0,0.030006,0.012195,0,5.57E-04,0,0.001406,0,0,9.03E-04,0,0,0,0.003316,0,0,0.968969
0,0.014394,0.512202,0.333703,0.043315,0.036971,0.067,0.028129,0.008216,0.093458,0.0177,0,0,0.008476,0,0,0.004625,0.316116
0,0.001086,0.012002,0.134146,0,0.009465,0.0538,0.026723,3.66E-04,0.199299,0.029052,0.001211,0.013835,0.068995,0,0.021352,0.005599,0.729229
0,0.001765,0,0.167406,0,0.0098,0.0303,0.033755,2.99E-04,0.338551,0.001625,5.59E-04,0.006917,0.055942,0,0.003559,0.006573,0.683383
0,6.79E-04,0,0.146341,0,0.006013,0.0406,0.036568,1.16E-04,0.261565,0.001264,0,0.015338,0.127988,0,0.014235,0.003165,0.733534
0.003134,0.003938,0.05111,0.045455,0.001883,0.001114,0.0204,0.002813,0.004989,0.007944,0.011714,7.45E-04,0.003008,0.00339,1.05E-04,0,0.005599,0.91031
0,0.001901,0.65113,0.309313,0.048964,0.023497,0.0113,0.091421,0.006353,0.024533,0.001858,0,0,0.001017,1.05E-04,0,4.87E-04,0.31031
0,0.002037,0,0.227273,0,0.014811,0.0973,0.032349,3.49E-04,0.319743,0.0024,0.002049,0.009624,0.061027,0,0.003559,0.006573,0.631231
0,0.001765,0,0.338137,0,0.031514,0.2192,0.030942,3.83E-04,0.293925,0.001806,0.001956,0.012331,0.062722,0,0.003559,0.042356,0.52002
0,0.004481,0,0.199557,0,0.014699,0.1254,0.026723,1.50E-04,0.19743,0.001393,0.002794,0.039098,0.082217,0,0.014235,0.001947,0.698098
0,0.001494,0.131326,0.059867,0.001883,0.001114,0.0029,0.009845,0.00158,0.001752,2.32E-04,0,0,0.006781,5.30E-05,0,0.00925,0.86036
0,0.002309,0.016903,0.242794,0.001883,0.015033,0.0912,0.037975,4.66E-04,0.357126,0.002348,0.001676,0.010226,0.08137,0,0.003559,0.011198,0.575876
0,0.002444,0,0.138581,0,0.020713,0.0332,0.032349,2.00E-04,0.260047,0.001987,0,0.053233,0.094253,0,0,0.006816,0.741942
0,0.00258,0,0.18847,0,0.007016,0.0903,0.035162,1.16E-04,0.241939,0.001419,1.86E-04,0.01594,0.118156,0,0.017794,0.002921,0.697698
0,0.001358,0,0.282705,0,0.019376,0.2031,0.025316,0.001064,0.211799,0.001445,4.66E-04,0.052331,0.070012,0,0.007117,0.003651,0.608609
3.80E-05,0.007876,0.665133,0.536585,0.05838,0.039866,0.232,0.081575,0.012074,0.067757,0.006631,4.66E-04,0,0.012544,0,0,0.006573,0.026026
3.82E-04,8.15E-04,0.664133,0.280488,0.007533,0.001336,0.001,0.008439,0.001164,0.001168,0.001084,9.30E-05,0,0.004747,0.001632,0,2.43E-04,0.33033
0.00107,0.00774,0.695139,0.463415,0.122411,0.02784,0.122,0.033755,0.005239,0.081776,0.02108,0.00177,0.002707,0.021699,5.30E-05,0,0.003895,0.078078
0,5.43E-04,0.035507,0.047672,0,2.23E-04,0,0.008439,1.33E-04,0.005374,1.03E-04,0,6.02E-04,0.007798,0,0,0,0.920521
0,0.020098,0.777155,0.48337,0.033898,0.021158,0.12,0.026723,0.006836,0.056075,0.015377,6.52E-04,0,0.007459,1.05E-04,0,0.002921,0.033033
0,0.003802,0.228046,0.140798,0.13936,0.032739,0.005,0.063291,0.007933,0.101285,5.20E-05,0,0,0.020342,6.32E-04,0,7.30E-04,0.67007
2.29E-04,5.43E-04,0.904181,0.433481,0,1.11E-04,0.033,0,1.70E-05,3.50E-04,0.010088,0.002608,0,0,0,0,0.002191,0.052553
0,2.72E-04,0.105821,0.045455,0,2.23E-04,0,0,0,0,1.03E-04,0,0,0,0,0,0,0.897097
0,0.016431,0.85117,0.413525,0.00565,0.003563,0.004,0.015471,0.002362,0.103972,0.012591,0,0.001504,0.001526,0,0,2.43E-04,0.028028
0,0.004617,0.109322,0.353659,0.011299,0.010022,0.2106,0.030942,0.002678,0.249299,0.018087,0.002422,0.012331,0.054246,0,0.003559,0.008033,0.439139
0,0.00163,0,0.131929,0,0.009911,0.0308,0.035162,3.16E-04,0.249883,0.001987,0.00149,0.011128,0.072894,0.001211,0.003559,0.005112,0.755355
4.20E-04,6.79E-04,0.20204,0.096452,0.018832,0.002116,0.001,0.005626,0.002744,0.014019,1.03E-04,9.30E-05,0,0.004238,0.005,0,0,0.783784
1.53E-04,0.009913,0.483097,0.286031,0.109228,0.031514,0.033,0.056259,0.013704,0.099299,0.017029,0,0,0.012714,2.11E-04,0,0.008033,0.373373
0,0.002037,0,0.254989,0,0.010468,0.1287,0.035162,1.50E-04,0.311215,0.001471,1.86E-04,0.019248,0.12714,0,0.024911,0.002678,0.593994
0,9.51E-04,0.003701,0.196231,0,0.016258,0.0888,0.032349,4.66E-04,0.27979,0.021312,9.30E-05,0.018346,0.075606,0,0.02847,0.008033,0.638839
3.44E-04,5.43E-04,0.138628,0.067627,0.032015,0.004009,0.0077,0.021097,0.001364,0.02278,3.10E-04,1.86E-04,0,0.006272,0.001368,0,7.30E-04,0.826927
0,6.79E-04,0.15173,0.063193,0.030132,0.003118,3.00E-04,0.005626,5.49E-04,0.00222,1.29E-04,0,0,0.002373,3.68E-04,0,0.001947,0.845445
0,0.00163,0.695339,0.308204,0.001883,0.002116,0.001,0.002813,0.008233,0,0.002683,0,0,0,0,0,0,0.301301
0.001529,0.003666,0.121924,0.055432,0.099812,0.009465,0.0026,0.022504,0.009097,0.01285,2.60E-05,2.79E-04,0,0.009493,0.001632,0,0.021178,0.85986
0,0.008963,0.523105,0.303769,0.080979,0.032294,0.044,0.036568,0.008332,0.09229,0.008076,0,0,0.011697,5.30E-05,0,0.006816,0.336336
0,8.15E-04,0,0.152993,0,0.008686,0.0248,0.049226,1.00E-04,0.338668,0.001522,7.45E-04,0.02015,0.153924,0,0.007117,0.002191,0.684685
3.80E-05,6.79E-04,0.157632,0.066519,0.011299,0.002895,1.00E-04,0.004219,4.99E-04,0.001285,1.03E-04,0,0,0.002373,5.79E-04,0,0.001217,0.840941
0,4.07E-04,0.989198,0.439024,0.001883,0.004454,0,0.001406,1.66E-04,0,0.001135,0,0,8.48E-04,0,0,0,0.01001
3.82E-04,0.00163,0.066913,0.023282,0.007533,0.002561,0.0023,0.009845,1.33E-04,0.002921,4.13E-04,9.30E-05,0,0.004577,0.003368,0,0.002921,0.926126
0,0.012629,0.766153,0.432373,0.118644,0.041203,0.032,0.082982,0.018794,0.141355,0.015429,0,0,0.016613,0,0,0.010467,0.051051
0,0.002309,0,0.325942,0,0.020935,0.2094,0.032349,3.66E-04,0.286449,0.001858,0,0.076692,0.022038,0,0.003559,0.003408,0.537738
0,2.72E-04,0.10142,0.044346,0,0.001225,2.00E-04,0.001406,3.30E-05,5.84E-04,2.32E-04,0,0,0,0,0,0,0.898699
0,0.002444,0,0.342572,0,0.023608,0.2359,0.032349,3.33E-04,0.263435,0.001651,0,0.066466,0.018647,0,0.003559,0.002678,0.525526
0,0.001086,0.232246,0.124169,0.026365,0.004232,0.0016,0.011252,0.001397,0.044276,1.29E-04,0,0,0.008646,0,0,0.003165,0.726426
1.15E-04,0.008284,0.027205,0.079823,0,0.001559,0.0102,0.007032,5.00E-05,0.144743,0.010475,0.001024,0.018947,0.011527,0,0,2.43E-04,0.825626
0,0.001901,0,0.196231,0,0.013029,0.0671,0.029536,3.16E-04,0.318808,0.001806,0.001397,0.006617,0.044075,0,0.003559,0.006573,0.668769
0,0.011271,0.981096,0.421286,0,0.007906,0,0.012658,0.001064,0.001402,7.22E-04,0,0,0.00695,0,0,0,0.013413
8.79E-04,0.002037,0.083017,0.035477,0.015066,0.004454,9.00E-04,0.025316,0.018644,0.005023,2.60E-05,1.86E-04,0,0.012544,0.004053,0,2.43E-04,0.909109
7.60E-05,0.009641,0.446089,0.446785,0.024482,0.021826,0.224,0.026723,0.006021,0.081776,0.009572,5.59E-04,0.003008,0.006442,5.30E-05,0,0.009494,0.243243
0,0.001494,0,0.233925,0,0.009911,0.1479,0.029536,2.33E-04,0.21285,0.001471,9.30E-05,0.02015,0.085438,1.58E-04,0.024911,0.002921,0.660561
0,0.004481,0.0016,0.27051,0,0.024388,0.1438,0.030942,3.83E-04,0.310631,0.001883,0,0.010226,0.050856,0,0,0.014362,0.57998
3.80E-05,9.51E-04,0.032907,0.046563,0,0.006013,0.0288,0.002813,6.65E-04,0.009229,0.008205,3.73E-04,0,0,0,0,0.009737,0.921321
0,0.003531,0.211842,0.276053,0.026365,0.011247,0.1325,0.039381,0.003526,0.128972,0.010862,0.002328,0.039098,0.008985,0,0.014235,0.027994,0.531331
0.002408,0.020505,0.582116,0.55765,0.045198,0.053118,0.253,0.050633,0.010461,0.117991,0.011817,0.001583,0.013835,0.093745,0,0,0.007303,0.031031
3.80E-05,0.010999,0.446489,0.241685,0.118644,0.013697,0.0285,0.101266,0.005422,0.066589,0.001161,0,0,0.037125,0,0,0.006816,0.459359
0,0.003938,0.14833,0.0898,0.099812,0.01392,0.0036,0.042194,0.00484,0.060981,0.006605,0,0,0.013562,4.21E-04,0,4.87E-04,0.78038
0,0.002037,0,0.191796,0,0.011804,0.0451,0.037975,2.83E-04,0.361098,0.001987,8.38E-04,0.010226,0.101712,0,0.003559,0.006573,0.648248
2.68E-04,0.002852,0.091818,0.049889,0.086629,0.006236,0.005,0.043601,0.00454,0.036332,0.001367,9.30E-05,0,0.014748,0.002632,0,0.003895,0.865866
0,8.15E-04,0,0.166297,0,0.045546,0.0238,0.042194,4.82E-04,0.352804,0.001471,0,0.055038,0.128157,0,0,0.015093,0.671371
0,0.001901,0,0.302661,0,0.011247,0.1761,0.030942,5.32E-04,0.313435,0.001548,2.79E-04,0.020451,0.068147,1.58E-04,0.02847,0.005355,0.550951
0,0.001086,0.004701,0.278271,0,0.020713,0.1898,0.016878,3.66E-04,0.212266,0.029258,0,0.049023,0.03899,0,0.003559,0.003895,0.598498
1.91E-04,0.002988,0.480096,0.320399,0.048964,0.016592,0.108,0.019691,0.004374,0.030374,0.006553,9.30E-05,0,0.011019,0.003105,0,0.003651,0.374374
7.60E-05,0.00163,0.067213,0.094235,0,0.012361,0.0589,0.005626,0.001364,0.018808,0.018112,7.45E-04,0,0,0,0,0.019718,0.839339
1.53E-04,0.012765,0.457091,0.476718,0.037665,0.020045,0.252,0.045007,0.014054,0.082944,0.007689,8.38E-04,0.006316,0.01763,8.95E-04,0,0.019961,0.204204
0,0.001222,0.423085,0.519956,0.06403,0.028619,0.308,0.016878,0.00637,0.066589,0.012436,0,0,0.003729,0,0,0.006816,0.197197
0,0.001086,0.136927,0.177384,0,0.002673,0,0.012658,0.001979,0.002336,2.32E-04,0,0,0,0,0,0,0.705806
0,0.003123,0,0.349224,0,0.022829,0.2388,0.026723,3.49E-04,0.273715,0.001264,0,0.07609,0.018647,0,0.003559,0.003165,0.504905
0,5.43E-04,0,0,0,4.45E-04,0,0.001406,2.83E-04,0.001168,1.55E-04,0,0,0,0,0,0,0.998999
0,0.00258,0,0.16408,0,0.012138,0.0766,0.032349,1.33E-04,0.229673,0.001496,0.001863,0.030075,0.095609,0,0.014235,0.002191,0.724324
0,0.003395,0.768154,0.477827,0.016949,0.044655,0.13,0.012658,0.005705,0.047897,0.00725,0,0,0.003051,0,0,0.024099,0.057057
0,0.001765,0,0.148559,0,0.008575,0.0387,0.026723,2.49E-04,0.272196,0.001625,0.001863,0.009023,0.060688,3.16E-04,0.003559,0.005842,0.71972
1.91E-04,0.001494,0.14773,0.066519,0.003766,0.002784,0.0013,0.014065,0.003975,0.004322,1.29E-04,0,0,0.005425,5.30E-05,0,0,0.845946
0,5.43E-04,0,0,0,4.45E-04,0,0.001406,2.83E-04,0.001168,1.55E-04,0,0,0,0,0,0,0.998999
0,0.002988,0,0.256098,0,0.012806,0.1139,0.036568,5.99E-04,0.351636,0.002245,0,0.047218,0.052551,0,0,0.009737,0.571371
0,0.003395,0,0.206208,0,0.00657,0.1104,0.032349,1.33E-04,0.236916,0.001445,1.86E-04,0.016241,0.115613,0,0.024911,0.002921,0.678979
0,0.003666,0.093519,0.324834,0.011299,0.010579,0.2035,0.029536,0.002412,0.212617,0.015945,0.002328,0.013835,0.039668,0,0.007117,0.006573,0.496597
0,0.001358,0,0.127494,0,0.007461,0.0382,0.029536,2.83E-04,0.220093,0.00289,6.52E-04,0.016241,0.062044,0,0,0.004382,0.768468
0,0.024172,0.520504,0.343681,0.037665,0.041425,0.0647,0.036568,0.00968,0.126869,0.013829,9.30E-05,0.00391,0.016443,1.05E-04,0,0.006816,0.284685
7.60E-05,0.002852,0.20184,0.138581,0.073446,0.016481,0.0223,0.042194,0.008316,0.076402,0.017545,6.52E-04,0,0.006781,6.84E-04,0,0.004382,0.686086
3.80E-05,0.002988,0.095619,0.046563,0.026365,0.002673,0.0019,0.015471,0.002545,0.015888,0.006166,0,0,0.021868,0.002737,0,4.87E-04,0.879479
0,0.005568,0.014003,0.12306,0,0.007795,0.062,0.016878,6.15E-04,0.134346,0.001264,0,0.033383,0.004916,0,0.02847,0.001947,0.804004
0,0.001765,0.768054,0.313747,0,0,0.002,0.001406,0,0,0.0016,0,0,0,0,0,0,0.228328
0,8.15E-04,4.00E-04,0.007761,0,0.001893,0.0022,0.002813,1.66E-04,0.013318,0.009598,0,0.002105,0.001695,0,0,0,0.976476
0,9.51E-04,0.007301,0.05765,0,8.91E-04,0.0017,0.015471,1.83E-04,0.127336,0.004283,0,0.002707,8.48E-04,0,0,0,0.876577
0,0.002444,0,0.327051,0,0.027394,0.185,0.028129,1.66E-04,0.351051,0.00129,0,0.05985,0.050178,0,0.010676,0.012658,0.516116
0,0.001494,0,0.404656,0,0.026169,0.2979,0.028129,2.16E-04,0.264019,0.001651,0,0.076692,0.03899,0,0.017794,0.005842,0.469169
0,9.51E-04,0.002601,0.264967,0,0.010579,0.1883,0.018284,4.16E-04,0.187617,0.035219,0,0.021053,0.054246,0.001053,0.021352,0.006086,0.608308
0,0.013172,0.80116,0.444568,0.065913,0.021492,0.095,0.030942,0.001746,0.046729,0.020976,9.30E-05,0,0.005933,0,0,0.001947,0.036036
0.001032,8.15E-04,0.138128,0.05765,0.045198,0.001336,0.0017,0.007032,5.82E-04,0.003037,2.60E-05,2.79E-04,0,0.00695,0.002421,0,0.004382,0.856456
1.53E-04,0.001358,0.159032,0.077605,0.032015,0.008129,0.0014,0.030942,0.002345,0.022079,4.64E-04,0,0,0.028818,0.004526,0,2.43E-04,0.81041
0,0.028924,0.503101,0.282705,0.056497,0.036637,0.019,0.067511,0.013688,0.115654,0.011688,0,0,0.017461,0,0,0,0.35035
0,0.00163,0,0.192905,0,0.012027,0.078,0.033755,3.16E-04,0.282944,0.002554,6.52E-04,0.011729,0.072046,0,0.003559,0.003895,0.677578
0,0.005568,0.014003,0.12306,0,0.007795,0.062,0.016878,6.15E-04,0.134346,0.001264,0,0.033383,0.004916,0.001158,0.02847,0.001947,0.804004
0,0.001901,0,0.218404,0,0.011915,0.0778,0.037975,2.99E-04,0.348131,0.001832,0.002608,0.009624,0.094931,0,0.003559,0.006573,0.625025
0,0.007197,0.893179,0.40133,0.084746,0.020267,0.021,0.094233,0.008931,0.030374,0.009108,0,0,0.002712,0,0,2.43E-04,0.04004
0,0.001494,0.05091,0.027716,0.045198,0.008797,0.0029,0.021097,0.00143,0.021846,0.010965,0,0,0.010341,0,0.007117,2.43E-04,0.911712
1.53E-04,0.002173,0.091418,0.06541,0.007533,0.004232,0.0188,0.001406,0.004989,0.016238,0.012488,0.00177,0.001203,0.005086,0,0,0.001704,0.854755
0,0.002173,0,0.206208,0,0.012472,0.1236,0.028129,1.83E-04,0.203505,0.001574,1.86E-04,0.027368,0.082387,0,0.024911,0.005355,0.692492
0,4.07E-04,0.181336,0.079823,0.022599,0.004232,0.0042,0.02391,6.49E-04,0.020327,7.70E-05,0,0,0.01068,0.002421,0,0.001461,0.788088
0,0.009777,0.527105,0.323725,0.080979,0.032739,0.048,0.057665,0.016997,0.107477,0.016797,4.66E-04,6.02E-04,0.011358,1.58E-04,0,0.012902,0.312312
1.53E-04,0.015617,0.711842,0.505543,0.018832,0.005457,0.1723,0.028129,0.002445,0.046846,0.004309,0.002887,0.005414,0.002373,3.68E-04,0.014235,0.021665,0.063063
0,4.07E-04,0.004401,0.002217,0,5.57E-04,0,0.002813,0.002578,2.34E-04,1.55E-04,0,0,1.70E-04,0,0,0,0.995095
7.60E-05,0.01874,0.770154,0.423503,0,0.001559,0.081,0.02391,1.83E-04,0.053738,0.006321,0.001118,0.009023,0.009493,2.11E-04,0,0.011198,0.085085
0,0.00163,0,0.149667,0,0.017038,0.0074,0.040788,3.99E-04,0.351168,0.001342,0,0.011729,0.094931,0,0.007117,0.002191,0.684685
0,9.51E-04,0.009302,0.023282,0,0.002227,0,0.007032,0.004141,0,1.29E-04,0,0,0,0,0,0,0.939039
0,0.001358,0.445589,0.182927,0,3.34E-04,0,0.002813,3.66E-04,0,0.004593,0,0,5.09E-04,0,0,0,0.54955
0,0,0.891278,0.399113,0,4.45E-04,0,0,0,0.010981,0.011043,0,0,0,0,0,0,0.087588
0,0.001086,0.835167,0.460089,0.07533,0.008018,0.1,0.02391,0.008133,0.010514,0.026833,0,0,0.00695,1.58E-04,0,0.001947,0.022022
0,0.020098,0.038108,0.247228,0,0.01637,0.1729,0.019691,5.49E-04,0.142874,0.027814,0,0.024662,0.024241,0,0.021352,0.015093,0.630531
7.60E-05,0.020641,0.190538,0.113082,0,7.80E-04,0.0108,0.021097,0.001081,0.051051,0.001496,9.31E-04,0.014135,0.006781,3.68E-04,0,4.87E-04,0.745546
0,0.00937,0.655131,0.512195,0.035782,0.005568,0.23,0.07173,0.008898,0.089953,0.00498,0,0.006015,0.014579,0,0,0.053797,0.023023
0,0.00679,0.567514,0.549889,0.06403,0.03029,0.2512,0.078762,0.013671,0.144977,0.023556,9.30E-05,0.008421,0.025598,0,0,0.057692,0.032833
0,0.004617,0.671134,0.597561,0,8.91E-04,0.2905,0.007032,3.30E-05,0.025701,0.002296,0,0.003008,0.002712,5.30E-05,0,0.016553,0.007508
0,8.15E-04,0.007502,0.034368,0,0.004566,0.0104,0.002813,0.003326,0.051636,0.016022,0,0.006015,0.00339,0,0,2.43E-04,0.920521
0,0.010999,0.583917,0.547672,0.043315,0.030846,0.2454,0.077356,0.013039,0.133995,0.023247,9.30E-05,3.01E-04,0.025089,0,0,0.050146,0.029329
0,0.003802,0,0.314856,0,0.012138,0.1721,0.033755,5.65E-04,0.352687,0.002064,0,0.036391,0.044075,0,0,0.009737,0.520721
0,0,0.760152,0.31153,0,3.34E-04,0,0,0.001563,0,5.20E-05,0,0,0,0,0,0,0.24024
7.60E-05,0.006926,0.256051,0.127494,0.033898,0.001336,0.0101,0.021097,1.66E-04,0.017757,0.021002,4.66E-04,0.00782,0.007628,2.63E-04,0,9.74E-04,0.680681
0,0.002309,0.804161,0.405765,0.039548,0.017372,0.093,0.088608,0.006653,0.025701,6.71E-04,0,0,0.001695,0,0,0.003165,0.077077
0,0.002716,0,0.202882,0,0.021826,0.0579,0.036568,1.83E-04,0.356893,0.001651,0,0.051429,0.111205,0,0.003559,0.009494,0.63043
0,0.005839,0.741148,0.494457,0.020716,0.030624,0.138,0.025316,0.007035,0.080607,0.012436,0,0.001504,0.003729,0,0,0.002921,0.039039
0,4.07E-04,0.032607,0.02439,0.018832,0.005568,0.0034,0.012658,7.82E-04,0.036098,1.29E-04,0,0.001203,0.01763,0.001105,0.007117,2.43E-04,0.925425
0,9.51E-04,0,0.186253,0,0.026281,0.048,0.026723,1.66E-04,0.340304,9.80E-04,0,0.048722,0.064926,0,0.007117,0.008763,0.65996
0,0.00258,0,0.400222,0,0.020935,0.2959,0.032349,3.33E-04,0.258528,0.001961,0,0.076391,0.018647,0,0.003559,0.002921,0.471071
0,0.001222,0,0.14745,0,0.006125,0.0405,0.030942,1.83E-04,0.262734,0.001625,2.79E-04,0.014737,0.101712,0,0.014235,0.004382,0.732332
0,5.43E-04,0.05101,0.056541,0.007533,0.007795,0.021,0.002813,0.003326,0.030374,0.014887,0,0.003008,0.001695,0,0,0.001217,0.886887
0,0.005568,0.173435,0.079823,0.062147,0.008909,0.0015,0.053446,0.003858,0.017874,1.29E-04,0,0,0.040685,0.001579,0,0.00925,0.801702
0,0.001901,0.0024,0.133038,0,0.016147,0.0286,0.035162,3.49E-04,0.254322,0.001806,0,0.012932,0.079675,0,0.014235,0.00852,0.742342
8.41E-04,5.43E-04,0.177736,0.087583,0.035782,0.006125,0.0111,0.018284,0.001896,0.028738,0.004799,1.86E-04,0,0.011019,8.42E-04,0,0.001704,0.778779
0,0.00163,0.119424,0.260532,0.003766,0.008797,0.1734,0.011252,4.32E-04,0.089486,0.026137,0.002422,0.033684,0.020342,0,0.021352,0.042356,0.603403
0.001911,4.07E-04,0.193039,0.0898,0.045198,0.005234,0.0067,0.039381,0.002578,0.02979,2.60E-05,9.31E-04,0,0.016783,0.001842,0,0.001704,0.771071
0,0.001086,0.044909,0.136364,0,0.008241,0.0546,0.021097,6.32E-04,0.16215,0.034445,0.001211,0.011128,0.044075,0,0.024911,0.005355,0.721822
0,0.001358,0,0.094235,0,0.002227,0.005,0.033755,2.49E-04,0.218808,0.009598,1.86E-04,0.069474,0.023055,0,0.021352,0.01631,0.803904
0,8.15E-04,0.009502,0.124169,0,0.009688,0.0343,0.029536,4.16E-04,0.226402,0.028278,0.001211,0.012331,0.080183,0,0.021352,0.006329,0.727528
0,0.002852,0,0.166297,0,0.013029,0.0834,0.029536,1.33E-04,0.218808,0.00178,0.002049,0.03609,0.059332,0,0.014235,0.002678,0.727027
0,0.001086,0.042108,0.128603,0.009416,0.007016,0.0088,0.029536,2.99E-04,0.266472,0.019918,9.31E-04,0.002707,0.021699,0.003,0.003559,0.002191,0.741441
0,4.07E-04,0.066313,0.230599,0,0.004343,0.1952,0.008439,0.001829,0.028037,0.002632,0,0,0,0,0,0.018014,0.712212
0,9.51E-04,0,0.189579,0,0.031514,0.0655,0.030942,2.33E-04,0.307126,0.001677,0,0.074286,0.069842,0,0.007117,0.008763,0.660961
0,0.001222,0.120024,0.078714,0.032015,0.010022,0.0152,0.037975,0.009646,0.029673,1.03E-04,0,0,8.48E-04,0,0,0.001947,0.836937
0,0.00679,0.791958,0.331486,0.06968,0.020935,0.0046,0.045007,0.004973,0.035864,2.84E-04,0,0,0.029497,0.001211,0,0.002921,0.154454
7.60E-05,0.024851,0.070414,0.069845,0,8.91E-04,0.0155,0.02391,6.70E-05,0.061332,0.001806,0.001304,0.016842,0.008306,4.21E-04,0,7.30E-04,0.851552
3.80E-05,0.002173,0.065913,0.031042,0.033898,0.003341,0.001,0.008439,0.001181,0.008995,3.10E-04,0,0,0.011697,0.001368,0,2.43E-04,0.923323
0,0.001494,0,0.2051,0,0.01559,0.0806,0.029536,3.16E-04,0.306776,0.002012,0.001676,0.006917,0.035599,0,0.003559,0.006573,0.665065
0,0.016974,0.646029,0.574279,0.018832,0.011136,0.2599,0.052039,0.001663,0.076051,0.001393,0.002235,0.016842,0.00339,0,0,0.008277,0.016316
0,4.07E-04,0.143929,0.062084,0.039548,0.0049,0.0022,0.019691,0.003393,0.018224,0.006192,0,0,0.026954,1.58E-04,0.024911,0,0.835636
1.15E-04,0.009234,0.057311,0.074279,0,0.006125,0.0386,0.011252,7.82E-04,0.029089,0.008643,0.003073,0.008421,0.00339,5.30E-05,0.021352,0.009981,0.867167
1.53E-04,0.004074,0.531106,0.317073,0.092279,0.030067,0.034,0.075949,0.011675,0.120327,0.016771,0,0,0.01051,0,0,0.008277,0.301301
0,0.004753,0,0.252772,0,0.015813,0.1014,0.037975,5.99E-04,0.374533,0.002451,0,0.055338,0.04238,0,0,0.010224,0.564565
0,5.43E-04,0.107021,0.046563,0,0.001114,0,0.001406,5.99E-04,0,0.00227,0,0,0,0,0,0,0.892893
0,4.07E-04,0.679036,0.463415,0,0.001782,0.1623,0.001406,0,0,0.004747,0,0,0,0,0,0.037244,0.150851
1.53E-04,0.001901,0.211042,0.13082,0.156309,0.014365,0.0039,0.050633,0.006586,0.09743,5.20E-05,0,0,0.008137,2.11E-04,0,7.30E-04,0.695596
0,0,0.001,0.277162,0,4.45E-04,0,0,2.99E-04,0,2.60E-05,0,0,1.70E-04,0,0,0,0.63964
0.003822,0.003802,0.194539,0.116408,0.112994,0.021826,0.003,0.078762,0.013521,0.077687,0.006837,7.45E-04,0,0.019495,0.003053,0,0.015579,0.724224
0,0.004345,0.021204,0.165188,0,0.015033,0.0699,0.025316,2.16E-04,0.211916,0.015119,0,0.006917,0.04577,0,0.007117,0.008277,0.702202
3.80E-05,0.002716,0.593119,0.325942,0.047081,0.045546,0.018,0.032349,0.005455,0.123832,0.008927,0.002142,0,0.010171,3.16E-04,0,0.008277,0.269269
8.79E-04,0.003802,0.139928,0.058758,0.041431,0.003229,0.001,0.014065,0.001464,0.004673,2.60E-05,1.86E-04,0,0.011866,5.26E-04,0,0.001947,0.852953
0,0.001901,0,0.207317,0,0.037305,0.0822,0.033755,2.16E-04,0.308995,0.002012,0,0.069774,0.079335,0,0,0.016553,0.642943
0,0.012222,0.25095,0.154102,0.118644,0.041203,0.0035,0.088608,0.010578,0.113668,1.55E-04,0,0,0.015765,0,0,0.022882,0.631431
0,8.15E-04,0,0.172949,0,0.021604,0.0754,0.032349,0.001247,0.256893,0.001445,1.86E-04,0.056241,0.079166,0,0.003559,0.003651,0.702102
0,0.00258,0,0.209534,0,0.020601,0.0709,0.035162,1.83E-04,0.34229,0.001574,0,0.050526,0.106628,0,0.003559,0.009494,0.633834
0,0.001494,0.292759,0.146341,0.062147,0.003118,0.0145,0.005626,3.49E-04,0.006425,0.020331,9.30E-05,0,0,0,0,0.018257,0.662062
0,9.51E-04,0,0.17184,0,0.005568,0.0694,0.036568,1.16E-04,0.251752,0.001238,9.30E-05,0.01594,0.123072,0,0.014235,0.003165,0.704505
0,0.026073,0.780156,0.472284,0.016949,0.015479,0.109,0.015471,0.003409,0.05257,0.017132,0,0.005414,0.004747,1.58E-04,0,0.021178,0.04004
0,1.36E-04,1,0.429047,0,5.57E-04,0,0,6.70E-05,0,2.60E-05,0,0,0,0,0,0,2.00E-04
0,8.15E-04,0,0.179601,0,0.027171,0.0409,0.026723,1.66E-04,0.34264,9.80E-04,0,0.048722,0.066621,0,0.003559,0.008763,0.665165
8.03E-04,0.002173,0.09962,0.04878,0.037665,0.008797,0.0018,0.032349,0.005422,0.019626,0.001987,1.86E-04,0,0.011358,0.001895,0,9.74E-04,0.871471
0,0.001494,0,0.190687,0,0.008241,0.0925,0.035162,2.99E-04,0.243575,0.001625,0.002235,0.010226,0.089846,0,0.014235,0.006573,0.695295
0.003555,8.15E-04,0.025105,0.044346,0.003766,0.002895,0.0229,0.002813,0.003376,0.02722,0.007869,0.00177,0.002105,0.002543,0,0,0.005599,0.918719
0,2.72E-04,0.214043,0.096452,0,0.001225,0.001,0.001406,0,0.001168,0.002632,0,0,0,0.001421,0,0,0.782783
0,6.79E-04,0,0.16408,0,0.020045,0.0641,0.032349,0.001364,0.263435,0.001419,1.86E-04,0.052632,0.076115,0,0.003559,0.002434,0.70961
0,0.005024,0.001,0.199557,0,0.025612,0.0726,0.021097,3.66E-04,0.313551,0.001445,0,0.006917,0.035599,0,0.007117,0.015579,0.652553
4.59E-04,2.72E-04,0.002,0.001109,0,8.91E-04,0,0.001406,7.32E-04,0,2.60E-05,9.30E-05,0,0,0,0,0,0.997998
0,0.013172,0.109222,0.058758,0.015066,0.059354,0.0034,0.009845,0.00326,0.021262,4.64E-04,0,0,0.016274,0,0,9.74E-04,0.866366
3.80E-05,0.015752,0.04791,0.044346,0,5.57E-04,0.0088,0.015471,3.30E-05,0.038668,0.002709,0.001304,0.006617,0.005764,5.26E-04,0,0.001217,0.902202
0,4.07E-04,0.181336,0.079823,0.022599,0.004232,0.0042,0.02391,6.49E-04,0.020327,0.007353,0,0,0.01068,0.002421,0,0.001461,0.788088
2.29E-04,0.012357,0.036607,0.095344,0,0.00167,0.0245,0.009845,1.16E-04,0.138201,0.008514,0.001863,0.013534,0.003729,0,0,9.74E-04,0.807708
0,0.009641,0.216943,0.144124,0,0.001225,0.0388,0.008439,1.83E-04,0.02278,0.003741,0,0.006316,0.004068,1.58E-04,0,0.003651,0.719119
7.60E-05,0.012086,0.483097,0.289357,0.039548,0.038419,0.029,0.039381,0.014054,0.11215,0.014268,0,0.002105,0.013392,1.05E-04,0,0.012415,0.371371
0,0.006654,0.211542,0.097561,0.033898,0.008575,0.0014,0.054852,0.00449,0.024416,1.03E-04,0,0,0.047296,0.001368,0,0.011198,0.757157
1.91E-04,0.01453,0.132226,0.108647,0.00565,0.00167,0.0353,0.021097,0.00168,0.03972,0.001058,0.002235,0.009624,0.005764,7.37E-04,0.003559,0.001704,0.792392
0,0.002037,0,0.177384,0,0.015924,0.0802,0.030942,3.33E-04,0.238551,0.001677,1.86E-04,0.01203,0.069503,0,0.003559,0.00852,0.704705
0,0.002309,0,0.190687,0,0.011024,0.0756,0.033755,5.82E-04,0.284813,0.002141,0,0.038195,0.066113,0,0,0.003651,0.668268
0,4.07E-04,0.042208,0.022173,0,1.11E-04,0,0.001406,0,0.009696,0.001238,0,0,0,0,0,0,0.948348
4.97E-04,0.001222,0.154631,0.064302,0.05838,0.001893,0.0012,0.009845,8.15E-04,0.004439,2.60E-05,9.30E-05,0,0.004747,0.002211,0,0.002921,0.837938
0,1.36E-04,0.064313,0.028825,0,5.57E-04,0,0,2.16E-04,0,0.001006,0,0,0.003729,2.11E-04,0,0,0.934735
0,0.002173,0,0.18071,0,0.008129,0.0914,0.032349,4.49E-04,0.220678,0.002193,0,0.033383,0.089846,0,0,0.006329,0.704505
3.80E-05,0.002173,0.060012,0.028825,0.032015,0.003341,0.001,0.008439,0.001181,0.008995,0.006399,0,0,0.011697,0.001368,0,2.43E-04,0.923323
0,0.001494,0,0.25388,0,0.013474,0.1543,0.032349,2.99E-04,0.263668,0.001961,0.00149,0.012932,0.065265,0,0.010676,0.004138,0.61992
7.64E-04,0.002988,0.54891,0.604213,0,0.012806,0.3548,0.005626,0.003659,0.055958,0.00467,1.86E-04,0,0,0,0,0.014362,0.022122
0,0.001086,0.106421,0.239468,0,0.00657,0.1553,0.014065,2.16E-04,0.101402,0.023531,0,0.022857,0.025428,0,0.024911,0.042356,0.626627
0,0.015481,0.481096,0.266075,0.048964,0.050111,0.018,0.032349,0.009563,0.092407,0.007147,0,0,0.011188,6.84E-04,0,0.007546,0.406406
0,0.00516,0,0.249446,0,0.016036,0.1009,0.036568,5.99E-04,0.365187,0.002529,0,0.058045,0.040685,0,0,0.010711,0.57037
3.80E-05,0.003123,0.093419,0.044346,0.032015,0.002339,0.001,0.014065,0.002145,0.01285,1.03E-04,0,0,0.020342,0.003895,0,4.87E-04,0.891992
0,0.020641,0.305561,0.267184,0.028249,0.022272,0.0914,0.025316,0.00449,0.107009,0.013004,0,0.010526,0.016104,5.30E-05,0.007117,0.007059,0.49009
0,5.43E-04,0.002501,0.003326,0,2.23E-04,8.00E-04,0.002813,1.00E-04,0.002453,0.006708,0,3.01E-04,5.09E-04,0,0,2.43E-04,0.987888
0,9.51E-04,0,0.366962,0,0.027394,0.245,0.028129,2.49E-04,0.301986,0.001651,0,0.07218,0.044075,0,0.014235,0.004625,0.496296
0,0.001494,0,0.189579,0,0.007906,0.0547,0.035162,2.33E-04,0.331893,0.001445,1.86E-04,0.018647,0.088659,0,0.014235,0.004382,0.658458
0,5.43E-04,0.106521,0.046563,0.067797,0,0.0023,0.011252,9.98E-04,0.005841,0,0,0,0.003729,0.002,0,0.002921,0.883383
0,0.001086,0.119724,0.053215,0,0.001002,0,0.004219,0.001397,0,2.58E-04,0,0,0.001865,2.11E-04,0,4.87E-04,0.880581
0,0.012222,0.656131,0.536585,0.015066,0.02049,0.231,0.011252,0.004806,0.054907,0.012075,0.001118,0.002105,0.003899,0,0,0.005112,0.05005
0.001949,0.002037,0.033007,0.017738,0.035782,0.003675,0.0017,0.026723,0.002129,0.012033,2.60E-05,3.73E-04,0,0.014409,0.005684,0,0.002921,0.950951
3.80E-05,0.003259,0.768154,0.468958,0.052731,0.041537,0.101,0.042194,0.013372,0.080607,0.012307,0,0,0.011019,0,0,0.008033,0.044044
0,0.011271,0.014003,0.208426,0.009416,0.010245,0.142,0.014065,6.15E-04,0.160047,0.011352,5.59E-04,0.039098,0.003899,7.89E-04,0.014235,0.002921,0.698699
0,0.026752,0.526605,0.299335,0.052731,0.051782,0.0202,0.039381,0.010478,0.120561,0.012307,0,0.001504,0.011358,8.95E-04,0,0.008763,0.33003
7.60E-05,0.01874,0.186437,0.109756,0,6.68E-04,0.0115,0.018284,0.001064,0.046495,0.001367,0.001024,0.012932,0.006272,3.16E-04,0,4.87E-04,0.753754
7.60E-05,0.001901,0.157031,0.313747,0.009416,0.024499,0.18,0.021097,0.001281,0.163551,0.014629,9.31E-04,0.006917,0.033395,0,0.003559,0.022639,0.497497
3.80E-05,0.002988,0.10152,0.04878,0.026365,0.002673,0.0019,0.015471,0.002545,0.015888,7.70E-05,0,0,0.021868,0.002737,0,4.87E-04,0.879479
0,0.002988,0,0.209534,0,0.009465,0.1182,0.029536,1.83E-04,0.225935,0.001625,1.86E-04,0.030075,0.091371,0,0.024911,0.005599,0.682883
0,9.51E-04,0,0.252772,0,0.033519,0.0902,0.032349,2.00E-04,0.399766,0.001161,0,0.060752,0.081031,0,0.003559,0.011198,0.564965
0,0.003395,0,0.145233,0,0.017929,0.0408,0.032349,2.16E-04,0.258061,0.001445,0,0.032782,0.104933,0,0.003559,0.00779,0.72983
0,0.001222,0.017003,0.379157,0,0.017929,0.3085,0.014065,3.66E-04,0.155374,0.027427,0,0.021053,0.027123,0,0.021352,0.011198,0.514014
3.80E-05,0.012222,0.632126,0.394678,0.018832,0.012918,0.103,0.016878,0.004607,0.051402,0.007328,0.001118,0.001805,0.004916,5.30E-05,0.007117,0.002921,0.207207
0,0.001494,0,0.216186,0,0.015813,0.0979,0.029536,3.33E-04,0.292056,0.001935,0.00177,0.006316,0.035599,0,0.003559,0.006573,0.656557
0,0.004345,1.00E-04,0.155211,0,0.003452,0.1002,0.015471,3.66E-04,0.135864,0.014449,0.001024,0.006316,0.001187,0,0.014235,0.005112,0.750751
0,0.001086,0.113023,0.050998,0.003766,0.001336,0.0013,0.007032,0.001231,0.001168,1.03E-04,0,0,0.003051,4.74E-04,0,2.43E-04,0.883283
0,9.51E-04,0,0.217295,0,0.007016,0.0914,0.036568,1.16E-04,0.310981,0.001135,9.30E-05,0.017744,0.117986,0,0.003559,0.002678,0.62983
3.80E-05,0.00163,0.09882,0.067627,0.035782,0.008129,0.0109,0.021097,0.004075,0.037383,0.008669,2.79E-04,0,0.00339,3.16E-04,0,0.002191,0.846346
0,2.72E-04,0.105821,0.045455,0,2.23E-04,0,0,0,0,1.03E-04,0,0,0,0,0,0,0.897097
0,0.00163,0.014703,0.187361,0,0.020713,0.0686,0.028129,2.83E-04,0.276636,0.012049,0,0.008421,0.055942,0.001053,0.010676,0.006573,0.661361
0,0.003666,0.721144,0.535477,0.028249,0.02461,0.2,0.019691,0.004856,0.05257,0.009005,0,0,0.003051,0,0,0.038948,0.022022
0,0.001901,0,0.186253,0,0.009131,0.0896,0.032349,2.00E-04,0.239252,0.001471,1.86E-04,0.016842,0.128157,0,0.017794,0.005355,0.703604
0,0.002309,0.525505,0.63969,0,3.34E-04,0.3992,0.009845,0.003742,0.057243,0.003148,0,0,0,0,0,0.037001,0.014715
0.001108,4.07E-04,0.060912,0.036585,0.043315,0.014811,0.0041,0.025316,0.001879,0.038668,4.64E-04,1.86E-04,0,0.018647,0,0.024911,0,0.892693
0,9.51E-04,0,0.269401,0,0.009688,0.1677,0.026723,2.33E-04,0.251986,0.030626,0,0.019248,0.064418,0,0.024911,0.008763,0.584585
0,8.15E-04,0.115423,0.052106,0.001883,0.002895,0.001,0.007032,0.001048,0.001636,1.81E-04,0,0,0.005594,3.16E-04,0,2.43E-04,0.87988
0,0.002444,0,0.226164,0,0.012584,0.0912,0.028129,2.16E-04,0.333762,0.00129,1.86E-04,0.016541,0.065604,3.16E-04,0.02847,0.005112,0.614615
0,0.004617,0.135027,0.087583,0.088512,0.01804,0.0045,0.053446,0.005422,0.062383,0.011301,0,0,0.019156,4.74E-04,0,9.74E-04,0.787688
0.003708,0.001222,0.068814,0.060976,0.011299,0.008352,0.0159,0.005626,0.003326,0.036332,0.016771,0.001211,0.00391,0.005086,5.30E-05,0,0.003408,0.864565
0,0.001222,0.027706,0.013304,0.00565,5.57E-04,1.00E-04,0.005626,4.82E-04,0.003738,0.008927,0,0,0.004238,5.30E-05,0,2.43E-04,0.958959
3.06E-04,0.001901,0.20204,0.086475,0.015066,0.004232,0.0011,0.022504,0.017962,0.004089,2.60E-05,9.30E-05,0,0.012544,0.003895,0,2.43E-04,0.790691
0,0.018061,0.787157,0.439024,0.065913,0.032517,0.092,0.057665,0.003543,0.053738,0.02304,9.30E-05,0.015038,0.005255,5.30E-05,0,0.015823,0.039039
0,0.002988,0,0.278271,0,0.015702,0.1253,0.035162,6.32E-04,0.378855,0.002451,0,0.043609,0.054246,0,0,0.008277,0.533834
0,0.001494,0.239448,0.107539,0.056497,6.68E-04,0.001,0.030942,0.005505,0.016355,3.61E-04,0,0,0.055603,0.002105,0,0.029211,0.735335
1.53E-04,0.010864,0.531106,0.314856,0.120527,0.034521,0.036,0.060478,0.015051,0.109813,0.018706,0,0,0.012544,1.05E-04,0,0.009007,0.31031
0.001873,5.43E-04,0.207141,0.097561,0.039548,0.004677,0.0078,0.025316,0.002046,0.03528,7.70E-05,9.31E-04,0,0.028479,0.003368,0,0.001947,0.750751
0,0.001358,0,0.133038,0,0.008686,0.0422,0.032349,2.83E-04,0.223832,0.002477,9.31E-04,0.017143,0.068825,0,0,0.004382,0.764865
0,0.001765,0,0.148559,0,0.009131,0.0482,0.033755,1.83E-04,0.247664,0.001522,9.30E-05,0.019248,0.10951,1.05E-04,0.017794,0.004382,0.732833
3.82E-04,5.43E-04,0.261052,0.110865,0.018832,0.003229,0.001,0.002813,4.49E-04,0.001168,0.001213,1.86E-04,0,0.002712,8.95E-04,0,9.74E-04,0.734735
0,0.002988,0,0.190687,0,0.021715,0.0572,0.035162,3.99E-04,0.33014,0.001703,0,0.011128,0.071199,0,0,0.00852,0.658258
0.00107,0.001086,0.121724,0.056541,0.050847,0.002004,0.0064,0.007032,0.002445,0.004907,2.60E-05,1.86E-04,0,0.010002,0.001316,0,0.011685,0.866767
0,2.72E-04,0.104221,0.045455,0,2.23E-04,0,0.001406,0,0.001051,2.58E-04,0,0,0,0,0,0,0.895796
0.002293,0.001086,0.035807,0.037694,0.00565,0.0049,0.0123,0.004219,0.001813,0.022547,0.00983,4.66E-04,0.002406,0.002543,1.05E-04,0,0.012171,0.922523
0,0.00163,0,0.195122,0,0.014143,0.0863,0.035162,2.83E-04,0.286799,0.001987,7.45E-04,0.012632,0.073911,0,0.010676,0.004138,0.669369
3.80E-05,0.003531,0.595119,0.456763,0.022599,0.026949,0.183,0.016878,0.003576,0.036215,0.008901,1.86E-04,0.001504,0.00339,0,0,0.003895,0.179179
0,0.00163,0.713143,0.425721,0.06968,0.015033,0.111,0.008439,0.006752,0.044393,0.002425,0,6.02E-04,0.001187,0,0,0,0.13013
0,0.001086,0.040008,0.129712,0,0.008686,0.0499,0.02391,6.65E-04,0.164136,0.033748,0.001211,0.010226,0.049839,0,0.021352,0.003651,0.73033
0,0.002852,0.094219,0.320399,0.00565,0.015256,0.1735,0.029536,9.48E-04,0.263318,0.007534,0.002608,0.008421,0.052551,0,0.007117,0.030185,0.494394
3.80E-05,5.43E-04,0.195639,0.088692,0.045198,0.003898,0.0043,0.026723,0.002112,0.032126,1.29E-04,0,0,0.021868,0.001632,0,0.001704,0.768068
0,0.001765,0,0.28714,0,0.010134,0.1821,0.025316,2.49E-04,0.260164,0.001651,0.00298,0.008421,0.052043,2.63E-04,0.003559,0.008763,0.587387
0,0.003666,0,0.240576,0,0.009465,0.1189,0.026723,2.99E-04,0.300234,0.002012,9.30E-05,0.02406,0.077979,0,0.02847,0.005842,0.623023
8.79E-04,0.001901,0.157031,0.066519,0.015066,0.003118,8.00E-04,0.019691,0.018644,0.004907,2.60E-05,1.86E-04,0,0.012544,0.005,0,2.43E-04,0.835936
0,0.001494,0,0.176275,0,0.011247,0.1014,0.015471,6.32E-04,0.196846,0.001935,0,0.009023,0.005764,0,0,9.74E-04,0.735736
0,4.07E-04,0,0,0,0,0,0.001406,0,0,7.70E-05,0,0,0,0,0,0,1
1.15E-04,0.007333,0.69914,0.497783,0.054614,0.045323,0.18,0.02391,0.010644,0.056075,0.010475,9.30E-05,0,0.004408,1.58E-04,0,0.037001,0.065065
0,0.00163,0,0.277162,0,0.023163,0.1493,0.019691,2.33E-04,0.316589,0.025956,0,0.048722,0.022038,0,0.007117,0.003651,0.577778
0,0.012901,0.527105,0.324834,0.043315,0.036526,0.043,0.037975,0.00765,0.115654,0.014036,0,0,0.005933,0,0,0.010224,0.31031
0,8.15E-04,0,0.187361,0,0.027394,0.0471,0.028129,1.83E-04,0.347313,9.80E-04,0,0.049323,0.067639,0,0.003559,0.009007,0.655856
0,1.36E-04,0.088018,0.037694,0,1.11E-04,0,0,1.70E-05,0,3.10E-04,0,0,0,0,0,0,0.911912
0,0.001765,0.180736,0.087583,0.024482,0.009577,8.00E-04,0.032349,0.002611,0.025,1.29E-04,0,0,0.058484,0.003,0,2.43E-04,0.786587
0,0.001765,0,0.398004,0,0.034298,0.2726,0.026723,2.49E-04,0.308061,0.001651,0,0.068271,0.044075,0,0.014235,0.005112,0.463664
0,5.43E-04,0.069014,0.029933,0,1.11E-04,7.00E-04,0.018284,1.70E-05,0,3.35E-04,0,0,0,0.001526,0,0,0.92963
0,9.51E-04,0,0.322616,0,0.028174,0.1952,0.029536,2.49E-04,0.312967,0.001677,0,0.073684,0.04577,0,0.010676,0.004625,0.515916
0,0.003802,0.006801,0.003326,0,5.57E-04,0,0.001406,1.70E-05,3.50E-04,1.03E-04,0,0,0,0.001684,0,0,0.991992
7.60E-05,0.001765,0.527105,0.480044,0.047081,0.006013,0.24,0.026723,0.011193,0.017523,0.005031,0,0,0.007967,1.05E-04,0,0.026534,0.21021
0,0.001358,0,0.310421,0,0.010579,0.2135,0.019691,3.99E-04,0.238668,0.027659,0,0.02797,0.047466,0,0.024911,0.005842,0.547848
0,0.00258,0,0.292683,0,0.01882,0.1678,0.030942,1.50E-04,0.308879,0.001393,0,0.046917,0.093745,0,0.010676,0.011198,0.565365
0,5.43E-04,0.117323,0.05765,0.016949,0.002227,0.001,0.021097,0.001164,0.011682,0.001471,0,0,0.011866,0.005526,0,4.87E-04,0.868869
0,0.012901,0.446089,0.291574,0.071563,0.043987,0.06,0.061885,0.016881,0.11215,0.011817,0,3.01E-04,0.015596,0,0,0.001704,0.38038
0,0.018332,0.781156,0.478936,0.020716,0.016704,0.116,0.014065,0.003177,0.051402,0.016951,0,0.003008,0.013053,1.05E-04,0,0.022395,0.037037
0,0.026616,0.463093,0.260532,0.052731,0.03363,0.018,0.057665,0.010045,0.106308,0.008618,0,0,0.006442,0,0,0,0.402402
0,0.001086,0.040008,0.128603,0,0.008686,0.0486,0.02391,6.65E-04,0.164369,0.033799,0.001211,0.010226,0.049839,0,0.021352,0.003408,0.731231
0,8.15E-04,0.031806,0.076497,0,0.004232,0.0049,0.030942,2.83E-04,0.140888,0.010114,9.30E-05,0.042406,0.012375,0,0,0,0.826126
0,0.001222,0,0.131929,0,0.008909,0.0411,0.032349,2.66E-04,0.225,0.002296,6.52E-04,0.019248,0.075437,0,0,0.004382,0.764965
0,0.002173,0,0.312639,0,0.017261,0.2341,0.029536,3.16E-04,0.193458,0.001522,0,0.069474,0.022038,0,0.003559,0.004869,0.595295
0,0.002037,0,0.182927,0,0.011581,0.0357,0.040788,2.83E-04,0.362383,0.001909,5.59E-04,0.010226,0.101712,0,0.003559,0.006573,0.653253
0,0.001086,0,0.190687,0,0.009354,0.0462,0.036568,1.83E-04,0.355841,0.002245,2.79E-04,0.024962,0.098152,0,0.017794,0.005599,0.648749
0,0.004753,0.228046,0.140798,0.120527,0.024722,0.005,0.059072,0.007152,0.101285,2.60E-05,0,0,0.020342,6.32E-04,0,7.30E-04,0.67007
7.60E-05,0.024172,0.44809,0.247228,0.086629,0.03196,0.02,0.052039,0.016648,0.101636,0.009856,0,0,0.014748,0,0,0.010954,0.423423
0,5.43E-04,0.004101,0.13969,0,0.009354,0.0378,0.030942,3.66E-04,0.263551,0.02544,0.001211,0.015338,0.072555,0,0.02847,0.004625,0.695395
0,0.00163,0,0.165188,0,0.010468,0.0595,0.030942,2.99E-04,0.279556,0.003019,6.52E-04,0.012331,0.063062,0,0.003559,0.004138,0.7001
0,0.013444,0.571214,0.31929,0.048964,0.050111,0.0172,0.033755,0.009563,0.13014,0.012385,0,0,0.011866,0,0,0.002921,0.282983
0,4.07E-04,0.790158,0.356984,0.001883,0.00245,0.003,0.002813,1.33E-04,0.009346,0.002064,0,0,3.39E-04,0,0,0,0.198198
0,0.003666,0.077916,0.279379,0.009416,0.00735,0.148,0.035162,0.002029,0.255958,0.014216,0.00177,0.010226,0.061197,0,0.003559,0.006329,0.531031
0.001491,0.001358,0.181036,0.076497,0.016949,0.004009,0.0016,0.009845,0.001181,0.008411,5.20E-05,2.79E-04,0,0.014579,0.001684,0,0.004625,0.806206
3.80E-05,2.72E-04,0.217143,0.107539,0.050847,0.006125,0.0141,0.043601,0.003559,0.039019,0.006528,0,0,0.021529,0.003263,0,0.002191,0.729129
0.001147,4.07E-04,0.181336,0.079823,0.022599,0.004232,0.0042,0.02391,0.001131,0.020327,0.007353,3.73E-04,0,0.01068,0.002421,0,0.001704,0.788088
0,1.36E-04,0.468094,0.361419,0,6.68E-04,0.003,0.004219,2.33E-04,0.001168,2.06E-04,0,0,0,0,0,0,0.31031
0,0.002309,0.058012,0.037694,0,0.01392,0,0.067511,0.001846,0.03271,5.20E-05,0,0,0.016952,0,0,0.005599,0.90991
0,0.01032,0.793159,0.461197,0.054614,0.01804,0.117,0.025316,0.002312,0.03972,0.016926,9.30E-05,0,0.004238,0,0,0.020691,0.031031
6.50E-04,6.79E-04,0.127626,0.053215,0.024482,7.80E-04,0.0013,0.005626,6.32E-04,0.003154,0,1.86E-04,0,0.006272,0.002105,0,0.001217,0.867568
1.53E-04,0.004753,0.580916,0.496674,0.043315,0.011693,0.22,0.075949,0.020074,0.05257,0.001084,0,0,0.030175,1.58E-04,0,0.005599,0.147047
0,0.00163,0,0.222838,0,0.030067,0.112,0.028129,3.16E-04,0.274299,0.001677,0.002142,0.01203,0.04238,0,0.003559,0.01704,0.642843
3.80E-05,0.007333,0.304061,0.159645,0.024482,0.001559,0.02,0.011252,1.83E-04,0.01285,0.001187,0.001118,0.00391,0.003899,0.001211,0,2.43E-04,0.661662
0,5.43E-04,0.002501,0.003326,0,2.23E-04,8.00E-04,0.002813,1.00E-04,0.002453,0.009856,0,3.01E-04,5.09E-04,0,0,2.43E-04,0.987888
1.15E-04,0.001222,0.129426,0.055432,0.030132,0.003229,7.00E-04,0.009845,5.65E-04,0.003972,1.03E-04,0,0,0.002373,8.42E-04,0,0.001947,0.865566
0,0.024307,0.633127,0.474501,0.039548,0.030846,0.154,0.035162,0.005655,0.093458,0.032922,1.86E-04,0.011729,0.012884,1.58E-04,0,0.003165,0.092092
0,8.15E-04,0.009502,0.121951,0,0.009688,0.0321,0.029536,4.16E-04,0.227103,0.02833,0.001211,0.012331,0.080353,0,0.021352,0.006329,0.729229
3.06E-04,0.003395,0.390078,0.37694,0.016949,0.019599,0.187,0.028129,0.003409,0.068925,0.006192,0.001583,0.006617,0.016952,0,0,0.010467,0.356356
0,0.027295,0.016903,0.077605,0.016949,0.017929,0.0417,0.052039,0.010395,0.095678,3.10E-04,0,0,0.012036,1.05E-04,0,2.43E-04,0.85035
3.80E-05,0.003395,0.456391,0.463415,0.030132,0.033408,0.2355,0.022504,0.004823,0.068575,0.014371,2.79E-04,0.002105,0.004916,6.84E-04,0,0.046008,0.229029
0,0,0.416083,0.411308,0,7.80E-04,0.003,0,6.65E-04,0,1.29E-04,0,0,0,0,0,0,0.283283
0,8.15E-04,0,0.233925,0,0.0098,0.0835,0.043601,5.16E-04,0.370911,0.001961,0,0.043609,0.083065,0,0,0.010224,0.583984
1.91E-04,0.002988,0.426085,0.350333,0.048964,0.013586,0.161,0.014065,0.003725,0.035047,0.00965,4.66E-04,0.002406,0.005086,6.84E-04,0,0.04187,0.376376
0,0.001086,0,0.280488,0,0.020156,0.1995,0.026723,0.001048,0.214836,0.00129,4.66E-04,0.052632,0.068486,0,0.007117,0.004138,0.60961
0,0.001222,0,0.191796,0,0.021715,0.0997,0.030942,0.001214,0.244509,0.001677,1.86E-04,0.058045,0.079166,0,0.003559,0.003895,0.686486
0,0.008963,0.485097,0.298226,0.07533,0.030067,0.044,0.052039,0.015634,0.098131,0.012127,4.66E-04,9.02E-04,0.011527,0,0,0.011685,0.367367
0,0,0,0.291574,0,0,0,0,0,0,5.20E-05,0,0,0,0,0,0,0.621622
0,0.001765,0.384477,0.348115,0.065913,0.015256,0.1612,0.04782,0.003975,0.043925,0.007482,0,0,0.064248,0.001421,0,0.018987,0.397998
0,0.016295,0.610122,0.556541,0.030132,0.040089,0.253,0.037975,0.009247,0.086449,0.005573,0,0,0.008985,0,0,0.049416,0.035035
0,0,0,0.256098,0,0.001336,0,0,2.99E-04,0,2.60E-05,0,0,0,0,0,0,0.666667
4.97E-04,0.003666,0.104021,0.097561,0.007533,0.005568,0.042,0.007032,0.003326,0.025701,0.016435,0.002608,0.001203,0.00339,5.26E-04,0,0.010467,0.810811
0,0.002852,0,0.218404,0,0.015702,0.0833,0.036568,3.33E-04,0.333762,0.001625,0,0.010526,0.079675,0,0.003559,0.003165,0.628929
0,0.003123,0,0.281596,0,0.028731,0.1617,0.026723,1.50E-04,0.294977,0.001729,0,0.074586,0.055772,0,0.007117,0.010954,0.577578
0,0.001086,0,0.076497,0,0.001782,0.0041,0.028129,2.00E-04,0.178388,0.007818,1.86E-04,0.059549,0.019834,0,0.017794,0.013145,0.84034
0,5.43E-04,0.004601,0.150776,0,0.009243,0.051,0.030942,3.66E-04,0.259112,0.025208,0.001211,0.015038,0.071538,0,0.02847,0.004625,0.685986
0,4.07E-04,0.935687,0.415743,0.003766,0.001448,5.00E-04,0.002813,5.82E-04,0,0.00129,0,0,6.78E-04,0,0,0,0.063063
0,0.003259,0.640428,0.414634,0.018832,0.015145,0.1154,0.011252,0.005073,0.040537,0.01321,4.66E-04,0.005714,0,5.30E-05,0.003559,0.015093,0.196196
0.001108,0.007876,0.053311,0.074279,0.062147,0.016815,0.0401,0.068917,0.006935,0.051051,0.029284,3.73E-04,0,0.01068,7.89E-04,0,0.008763,0.827327
0.001796,2.72E-04,0.187037,0.095344,0.037665,0.005791,0.0135,0.052039,0.002711,0.038201,3.87E-04,8.38E-04,0,0.015765,0.003579,0,0.001704,0.761261
0,8.15E-04,0.052911,0.031042,0.041431,0.019376,0.0047,0.016878,0.001913,0.02535,0.006141,0,0,0.016104,0.002105,0.007117,2.43E-04,0.911712
0,0.002309,0.045109,0.021064,0.032015,0.003786,0.0013,0.016878,0.003143,0.009579,5.20E-05,0,0,0.012884,0.004053,0,0.002921,0.943343
0,0.007333,0.466393,0.390244,0.016949,0.029844,0.1509,0.025316,0.00785,0.086215,0.027865,1.86E-04,0.001805,0.011188,0,0,0.019231,0.273574
0,0.006654,0.226045,0.144124,0,0.001002,0.0378,0.005626,1.83E-04,0.016939,0.003664,1.86E-04,0.004511,0.003221,1.05E-04,0,0.007303,0.717317
0,9.51E-04,0,0.237251,0,0.031514,0.0767,0.032349,2.00E-04,0.397196,0.001135,0,0.056541,0.077301,0,0.003559,0.010954,0.581481
0,9.51E-04,0,0.226164,0,0.028174,0.09,0.028129,1.83E-04,0.358294,0.001058,0,0.051429,0.068317,0,0.003559,0.010467,0.596496
0,0.01616,0.544109,0.324834,0.047081,0.037082,0.04,0.036568,0.007002,0.10514,0.015274,0,6.02E-04,0.01068,0,0,0.005842,0.304304
0,9.51E-04,0,0.21286,0,0.007127,0.0882,0.035162,1.16E-04,0.308995,0.001187,9.30E-05,0.017444,0.117308,0,0.017794,0.002678,0.638238
1.91E-04,0.008963,0.089518,0.074279,0.013183,0.002339,0.0211,0.011252,0.001497,0.036682,0.00307,0.001397,0.00812,0.006103,5.30E-05,0,4.87E-04,0.853353
0,0.003802,0,0.281596,0,0.02706,0.165,0.025316,1.50E-04,0.286916,0.001806,0,0.074286,0.054246,0,0.007117,0.010954,0.575576
0,0,0.890978,0.404656,0,4.45E-04,0,0,0,0.02535,0,0,0,0,0,0,0,0.087588
0,0.001765,0,0.240576,0,0.030178,0.1173,0.030942,2.16E-04,0.305023,0.001754,0,0.076992,0.0673,0,0.007117,0.009981,0.614114
0,0.003802,0,0.225055,0,0.016927,0.104,0.042194,1.83E-04,0.319743,0.002012,0.002235,0.040301,0.107306,0,0.007117,0.002678,0.621321
0,0.01195,0.569014,0.586475,0.07533,0.011804,0.2932,0.113924,0.016016,0.118692,0.005496,0.002608,0.005714,0.016104,2.63E-04,0,0.030672,0.02002
0,0.011678,0.684137,0.432373,0.05838,0.019042,0.148,0.063291,0.005954,0.047897,9.29E-04,0.002701,0.011128,0.012544,1.05E-04,0,0.007059,0.112112
0,0.002444,0,0.266075,0,0.030512,0.1436,0.028129,1.66E-04,0.302921,0.001651,0,0.074887,0.057298,0,0.007117,0.010711,0.59039
0,0.004345,0.001,0.208426,0,0.025947,0.0722,0.033755,3.83E-04,0.333762,0.002038,0,0.011128,0.061027,0,0.007117,0.015579,0.631532
0,0.002716,0.688738,0.308204,0.020716,0.005457,7.00E-04,0.005626,6.65E-04,0.004322,8.26E-04,0,0,0.00339,0.004632,0,0.002921,0.305005
0,0.002173,0.046609,0.121951,0,0.004566,0.0273,0.033755,2.83E-04,0.194393,0.027323,0,0.010827,0.062722,0,0,0.006573,0.724825
0,0.00258,0,0.197339,0,0.020824,0.0584,0.035162,1.83E-04,0.343692,0.001574,0,0.050526,0.106967,0,0.003559,0.00925,0.643544
0,0.022135,0.492799,0.329268,0.045198,0.036971,0.0758,0.029536,0.008582,0.093575,0.019144,0,0,0.004747,0,0,0.020935,0.324625
1.15E-04,0.001765,0.128726,0.058758,0.003766,0.003452,0.0012,0.016878,0.008382,0.004206,5.20E-05,0,0,0.016952,0.005263,0,4.87E-04,0.864565
3.80E-05,0.002852,0.679136,0.529933,0.015066,0.023831,0.211,0.016878,1.66E-04,0.059579,0.009211,0.002422,0.005714,0.009493,5.30E-05,0.003559,0.006573,0.048048
0,0.010049,0.738148,0.476718,0.018832,0.071604,0.128,0.073136,0.020906,0.065421,0.011843,0,0,0.01763,0,0,0.002678,0.058058
0,0.001086,0,0.27051,0,0.019376,0.1873,0.026723,0.001114,0.22021,0.00129,4.66E-04,0.051128,0.067469,0,0.003559,0.003408,0.618318
0.003822,0.003802,0.194539,0.116408,0.112994,0.021826,0.003,0.078762,0.013521,0.077687,7.48E-04,7.45E-04,0,0.019495,0.003053,0,0.015579,0.724224
0,9.51E-04,0,0.2051,0,0.030067,0.0545,0.029536,1.83E-04,0.371729,0.001084,0,0.052632,0.072385,0,0.003559,0.011928,0.62022
0,0.002988,0,0.144124,0,0.010134,0.0528,0.032349,4.66E-04,0.225117,0.002348,0,0.050226,0.066113,0,0,0.006573,0.748549
0,0.00258,0,0.296009,0,0.01882,0.1712,0.030942,1.50E-04,0.309112,0.001393,0,0.046917,0.093914,0,0.010676,0.011441,0.560961
