Cluster order,  Accession number,  Clone ID,  Gene name,  0HR,  15MIN,  30MIN,  1HR,  2HR,  4HR,  6HR,  8HR,  12HR,  16HR,  20HR,  24HR,  UNSYN,  30MINC,  1HRC,  2HRC,  4HRC,  0HRC,  UNSYNC
1,  W95909,361771,  EST  W95909,1,0.72,0.1,0.57,1.08,0.66,0.39,0.49,0.28,0.5,0.66,0.52,0.56,0.85,1.65,1.04,0.79,0.87,0.61
2,  AA045003,487537,  SID487537  H.sapiens mRNA for selenoprotein P,1,1.58,1.05,1.15,1.22,0.54,0.73,0.82,0.82,0.9,0.73,0.75,1.35,0.95,1.05,0.59,1.02,1.07,1.47
3,  AA044605,486735,"  ""SID486735  Human peptidyl-prolyl isomerase and essential mitotic regulator (PIN1) mRNA complete cds""",1,1.1,0.97,1,0.9,0.67,0.81,0.88,0.77,0.71,0.57,0.46,1.04,0.82,1.03,0.78,0.84,1,0.81
4,  W88572,417426,"  ""Homo sapiens protein 4.1-G mRNA complete cds""",1,0.97,1,0.85,0.84,0.72,0.66,0.68,0.47,0.61,0.59,0.65,1.1,0.79,0.98,0.72,0.98,1.11,0.91
5,  AA029909,469959,  SID469959  EST  AA029909,1,1.21,1.29,1.08,0.89,0.88,0.66,0.85,0.67,0.58,0.82,0.6,1.04,0.99,0.87,0.69,0.7,0.88,1.09
6,  AA059077,381721,  SID381721  EST  AA059077,1,1.45,1.44,1.12,1.1,1.15,0.79,0.77,0.78,0.71,0.67,0.36,0.69,1.21,1.11,0.89,0.89,0.69,0.56
7,  AA035657,471855,  SID471855  Lumican,1,1.15,1.1,1,1.08,0.79,0.98,1.03,0.59,0.57,0.46,0.39,0.61,0.89,1.08,0.83,0.96,0.9,0.54
8,  AA044619,486757,  EST AA180272,1,1.32,1.35,1.13,1,0.91,1.22,1.05,0.58,0.57,0.53,0.43,0.76,1.33,0.89,0.94,0.82,0.72,0.68
9,  W89012,417593,  Carnitine palmitoyltransferase I (CPTI),1,1.01,1.38,1.21,0.79,0.85,0.78,0.73,0.64,0.58,0.43,0.47,0.79,1.11,0.96,0.9,0.91,0.74,0.67
10,  H19324,50922,  EST  H19324,1,0.85,1.03,1,0.81,0.82,0.73,0.51,0.24,0.54,0.43,0.51,0.98,1.09,0.93,0.69,0.88,1.17,1
11,  N22392,254433,"  ""SID254433  Homo sapiens oligodendrocyte-specific protein (OSP) mRNA complete cds""",1,1.12,0.92,1.01,0.86,0.86,0.7,0.62,0.36,0.37,0.35,0.38,0.72,0.86,0.87,0.83,0.75,0.75,0.7
12,  AA027277,469235,  Ribosomal protein L5,1,1.23,1.21,0.95,0.81,0.91,0.87,0.75,0.4,0.54,0.52,0.52,0.69,1.06,0.81,0.55,0.64,0.68,0.46
13,  W89018,417617,  EST  W89018,1,0.96,1.19,1.08,0.78,0.61,0.53,0.54,0.34,0.61,0.51,0.46,0.77,0.97,1.08,0.86,0.98,0.95,0.84
14,  N32247,272538,  Homo sapiens clone 23785 mRNA sequence,1,0.73,0.85,0.74,0.62,0.57,0.47,0.43,0.42,0.53,0.38,0.3,0.59,0.98,0.96,0.6,0.7,1.01,0.57
15,  T62968,80727,"  ""Human protein tyrosine kinase t-Ror1 (Ror1) mRNA complete cds""",1,0.66,0.49,0.59,0.98,0.85,0.43,0.25,0.23,0.62,0.67,0.55,0.4,0.87,0.87,1,1.29,1.1,0.52
16,  H28360,161862,  EST  H28360,1,0.98,0.82,0.88,0.82,0.88,0.48,0.34,0.5,0.93,0.61,0.75,0.46,1.07,1.03,0.83,2.07,1.31,0.88
17,  H16592,49165,  SID49165  EST  H16592,1,1.01,0.81,0.78,0.64,0.89,0.46,0.26,0.51,0.71,0.6,0.53,0.58,1.08,1.1,0.62,0.69,0.83,0.58
18,  W78151,346851,  EST  W78151,1,1.08,1.17,1.03,1.04,1.05,0.77,0.44,0.64,0.74,0.88,0.67,0.7,1.18,1.02,1.28,0.95,0.7,0.7
19,  R45687,35516,  SID35516  H.sapiens mRNA for cyclin G1,1,0.86,0.47,0.52,0.77,0.48,0.42,0.32,0.2,0.32,0.49,0.41,0.5,0.68,0.58,0.54,0.54,0.76,0.56
20,  H14500,48316,"  ""Homo sapiens mRNA for KIAA0623 protein complete cds""",1,0.81,0.49,0.75,0.82,0.6,0.45,0.35,0.29,0.46,0.49,0.54,0.42,0.76,0.8,0.43,0.51,0.78,0.46
21,  R81336,147744,"  ""Cyclin-dependent kinase inhibitor 1C (p57 Kip2)""",1,0.72,0.53,0.66,0.86,0.57,0.64,0.38,0.42,0.47,0.54,0.61,0.47,0.68,0.76,0.88,0.95,0.84,0.36
22,  N47974,281493,  SID281493  GLUTAMATE RECEPTOR 1 PRECURSOR,1,0.84,0.69,0.69,0.69,0.7,0.53,0.38,0.31,0.64,0.39,0.39,0.48,0.83,0.75,0.43,0.52,0.67,0.53
23,  N75026,299673,  SID299673  Homo sapiens clone 23645 mRNA sequence,1,0.91,0.86,0.73,1.14,0.67,0.65,0.44,0.42,0.75,0.48,0.54,0.55,1.21,0.99,0.91,0.77,0.79,0.73
24,  R87731,197549,  SID197549  EST  R87731,1,0.92,0.81,0.81,1.01,0.7,0.57,0.45,0.5,0.76,0.56,0.62,0.93,0.87,0.89,0.49,0.61,0.94,0.98
25,  H26264,162059,"  ""SID162059  ESTs Moderately  similar to ATP-BINDING CASSETTE TRANSPORTER 2 [Mus musculus]""",1,0.98,0.64,0.75,1.16,0.75,0.55,0.28,0.39,0.74,0.63,0.57,0.55,1.1,1.14,0.92,1.38,0.92,0.5
26,  H61274,236277,  SID236277  EST  H61274,1,1.33,0.8,1.13,1.3,1.01,0.9,0.53,0.53,0.89,0.88,0.75,0.94,1.46,1.07,1.44,1.23,0.95,0.79
27,  N63445,277996,  SID277996  EST  N63445,1,1,0.74,0.95,0.95,0.89,0.73,0.56,0.39,0.8,0.72,0.56,0.7,0.86,0.91,0.47,0.65,0.77,0.87
28,  W69445,343585,  EST  W69445,1,1.15,0.94,0.86,1.18,1.07,0.65,0.58,0.52,0.77,0.74,0.83,0.86,1.01,1.12,0.96,0.89,0.93,0.72
29,  R60336,41963,  EST  R60336,1,0.76,0.97,0.79,0.58,0.49,0.6,0.37,0.42,0.99,0.68,0.54,0.54,1.15,0.79,0.44,0.66,0.79,0.55
30,  N53427,284101,  EST  N53427,1,0.87,0.98,0.84,0.88,0.58,0.5,0.47,0.41,1.21,0.57,0.65,0.59,0.98,0.8,0.58,0.65,1.27,0.67
31,  H15535,49385,  SID49385  EST  H15535,1,0.92,0.8,0.74,0.67,0.59,0.55,0.43,0.48,0.76,0.85,0.68,0.55,1,0.76,0.38,0.69,0.85,0.71
32,  R60731,42225,  EST  R60731,1,0.78,0.82,0.81,0.68,0.51,0.46,0.45,0.37,0.92,0.73,0.76,0.49,0.94,0.69,0.45,0.72,0.87,0.6
33,  AA029408,366789,  Fibromodulin,1,0.86,0.67,0.79,0.74,0.62,0.51,0.52,0.52,0.89,0.7,0.77,0.47,0.82,0.69,0.35,0.66,1.24,0.53
34,  AA018444,362385,  SID362385  EST  AA018444,1,0.98,0.73,1.08,0.94,0.72,0.64,0.57,0.57,0.93,0.77,0.78,0.48,1.24,1.18,1.54,1.87,1.43,0.85
35,  AA031778,470785,  EST  AA031778,1,1.04,1.01,0.81,0.95,0.63,0.69,0.62,0.49,0.99,0.98,0.83,0.52,0.68,1.02,0.64,0.65,1.2,0.96
36,  R49183,37021,  SID37021  EST  R49183,1,0.95,0.95,1,0.96,0.68,0.61,0.53,0.47,0.46,0.83,0.43,0.56,1.3,0.9,0.91,0.82,0.73,0.71
37,  W89002,417469,  Catalase,1,1.25,0.98,0.77,0.98,0.56,0.57,0.51,0.4,0.56,0.62,0.74,0.62,0.87,1.03,0.69,0.71,1.06,0.62
38,  W86006,416134,  SID416134  EST  W86006,1,0.89,0.8,0.68,0.87,0.66,0.59,0.55,0.5,0.6,0.63,0.7,0.5,1.01,0.84,0.74,0.77,1.33,0.32
39,  AA037007,484622,  SID484622  Homo sapiens clone 24636 mRNA sequence,1,1.32,0.99,0.78,0.98,0.6,0.6,0.65,0.47,0.53,0.51,0.56,0.48,0.77,1.1,0.59,0.69,0.98,0.5
40,  H93791,242151,  EST  H93791,1,1.03,0.83,0.68,1.07,0.85,0.65,0.8,0.65,0.62,0.63,0.66,0.57,0.95,0.95,0.79,0.94,0.94,0.55
41,  AA011682,429723,  EST  AA011682,1,0.61,0.69,0.55,0.6,0.49,0.35,0.35,0.24,0.35,0.5,0.57,0.51,0.59,0.72,0.36,0.49,0.82,0.39
42,  R46079,36133,  EST N75026,1,0.95,1.33,1.32,0.79,0.54,0.57,0.35,0.36,0.5,0.45,0.48,0.57,1.53,1.19,0.96,0.73,0.96,0.75
43,  H05133,44991,  EST  H05133,1,0.68,1.06,0.99,0.58,0.42,0.22,0.2,0.28,0.5,0.51,0.53,0.32,1.15,0.83,0.52,0.82,1.02,0.43
44,  N38765,273926,  SID273926  EST  N38765,1,0.94,0.95,0.86,0.66,0.6,0.48,0.45,0.48,0.54,0.54,0.68,0.55,0.85,0.7,0.4,0.38,0.49,0.43
45,  AA057433,381064,  SID381064  EST  AA057433,1,0.82,0.85,0.82,0.75,0.55,0.57,0.37,0.5,0.71,0.53,0.65,0.49,0.9,0.89,0.33,0.62,0.81,0.7
46,  N52170,284240,  SID284240  EST  N52170,1,0.81,0.88,0.69,0.78,0.58,0.5,0.4,0.53,0.72,0.43,0.65,0.59,0.83,0.89,1.09,0.6,0.59,0.47
47,  R71462,142824,  EST  R71462,1,1.08,1.28,1.16,0.99,0.68,0.63,0.38,0.4,0.74,0.55,0.53,0.52,1.36,1.19,1.03,0.91,0.92,0.52
48,  R60996,42629,  SID42629  EST  R60996,1,0.85,1.1,1.02,0.84,0.68,0.79,0.31,0.36,0.76,0.52,0.58,0.48,1.16,1.09,0.93,0.76,0.76,0.49
49,  R05458,29185,"  ""Homo sapiens mRNA for KIAA0623 protein complete cds""",1,0.46,0.82,0.72,0.5,0.42,0.37,0.28,0.2,0.47,0.4,0.54,0.44,0.81,0.71,0.39,0.42,0.89,0.39
50,  T90846,112383,"  ""Homo sapiens GBAS (GBAS) mRNA complete cds""",1,0.81,1.22,1.08,0.8,0.68,0.71,0.52,0.44,0.71,0.67,0.79,0.81,1.08,0.83,0.58,0.68,1,0.81
51,  R59736,43006,  SID43006  EST  R59736,1,0.51,0.73,0.96,0.84,0.77,0.7,0.27,0.43,0.63,0.32,0.4,0.45,0.98,0.86,0.53,0.84,0.76,0.37
52,  N50955,281146,  SID281146  EST  N50955,1,0.82,0.95,1.02,0.74,0.85,0.74,0.54,0.65,0.71,0.43,0.55,0.6,1.26,1.03,1.07,0.82,0.8,0.84
53,  H65598,209758,"  ""Membrane metallo-endopeptidase (neutral endopeptidase enkephalinaseCALLA CD10)""",1,1.23,1.03,0.99,1.03,0.87,0.63,0.55,0.42,0.58,0.5,0.71,0.4,1.29,0.93,0.68,0.82,1.05,0.4
54,  R24284,131285,  SID131285  EST  R24284,1,0.8,0.66,0.72,0.74,0.68,0.51,0.3,0.36,0.43,0.31,0.34,0.28,0.88,0.71,0.6,0.84,0.82,0.31
55,  H61694,208960,"  ""SID208960  Dipeptidylpeptidase IV (CD26 adenosine deaminase complexing protein 2)""",1,0.92,0.76,0.7,0.93,0.86,0.62,0.5,0.65,0.56,0.57,0.53,0.4,0.96,0.94,1.38,0.61,0.84,0.26
56,  H01236,150390,  EST  H01236,1,0.73,1.31,0.85,0.89,0.6,0.57,0.41,0.41,0.57,0.43,0.4,0.29,1.1,0.97,1.01,1.31,1.19,0.34
57,  N74313,298662,  EST  N74313,1,0.94,0.99,0.78,1.07,0.6,0.57,0.34,0.36,0.52,0.43,0.38,0.37,0.82,0.91,0.88,0.64,0.69,0.31
58,  H85971,223141,  EST  H85971,1,1.03,0.91,0.78,0.77,0.68,0.52,0.46,0.5,0.65,0.64,0.6,0.41,0.83,0.74,0.5,0.56,0.65,0.43
59,  AA025721,365899,  Fibrillin 2,1,1.01,0.93,0.85,0.79,0.67,0.45,0.47,0.44,0.41,0.38,0.43,0.3,1.16,0.88,0.71,0.65,1.01,0.21
60,  AA034939,471642,"  ""Laminin alpha 2 (merosincongenital muscular dystrophy)""",1,0.86,0.85,0.94,0.67,0.78,0.64,0.45,0.53,0.48,0.46,0.4,0.34,1,0.84,0.45,0.66,0.72,0.34
61,  W45327,328683,  Annexin III (lipocortin III),1,0.83,0.65,0.69,0.51,0.63,0.59,0.41,0.32,0.51,0.36,0.4,0.39,0.72,0.76,0.52,0.71,0.7,0.44
62,  N26801,257009,  SID257009  EST  N26801,1,0.7,0.76,0.85,0.61,0.72,0.73,0.44,0.47,0.62,0.57,0.52,0.4,0.98,0.78,0.69,0.52,0.64,0.41
63,  AA036987,484576,  Cellular retinoic acid-binding protein 2,1,1.11,1.05,0.71,0.83,0.72,0.69,0.68,0.6,0.72,0.66,0.57,0.35,0.82,1.03,0.72,0.62,1.05,0.29
64,  W88788,417300,  H factor (complement)-like 1,1,0.96,1.2,1.04,0.76,0.89,0.79,0.83,0.63,0.8,0.73,0.57,0.49,0.9,0.92,0.71,0.69,0.83,0.56
65,  W84708,415669,  SID415669  EST  W84708,1,1,1.06,1.02,0.94,1.04,0.46,0.56,0.84,0.79,0.57,0.62,0.54,0.96,0.84,0.82,0.88,0.78,0.87
66,  W80742,415621,  Squalene epoxidase,1,1.02,1.06,0.75,0.99,0.65,0.46,0.31,0.26,0.34,0.24,0.27,0.23,0.83,1.05,0.75,0.75,1.43,0.22
67,  AA029996,469999,  EST  AA029996,1,0.93,1.2,0.81,0.97,0.78,0.69,0.63,0.41,0.41,0.32,0.33,0.29,0.86,1.15,0.93,0.89,1.22,0.45
68,  N95180,307220,  EST  N95180,1,1.03,0.61,0.76,1.03,0.72,0.61,0.49,0.35,0.37,0.29,0.28,0.36,0.77,0.87,0.73,0.83,0.92,0.37
69,  W72188,345904,  EST  W72188,1,1.04,0.87,0.94,0.96,0.8,0.66,0.58,0.43,0.54,0.44,0.51,0.53,0.81,0.84,0.66,0.67,0.63,0.61
70,  W80746,415636,"  ""Wingless-type MMTV integration site 2 human homolog""",1,0.93,0.67,0.69,0.62,0.75,0.54,0.42,0.37,0.52,0.29,0.25,0.3,0.84,0.76,0.67,0.44,0.75,0.29
71,  H66595,229535,  SID229535  EST  H66595,1,0.98,0.88,0.67,0.74,0.64,0.43,0.32,0.22,0.24,0.25,0.46,0.22,0.93,0.96,0.6,0.63,0.84,0.23
72,  AA053461,510206,  Asparagine synthetase,1,0.88,0.77,0.69,0.8,0.56,0.4,0.36,0.22,0.2,0.24,0.46,0.26,0.78,0.75,0.51,0.56,0.9,0.21
73,  AA026808,375527,  Mesoderm specific transcript (mouse) homolog,1,1,0.96,1.21,1.1,0.95,0.68,0.43,0.46,0.49,0.55,0.58,0.48,1.28,1.06,0.89,0.85,1.05,0.44
74,  W91979,415303,"  ""SID415303  Human mRNA for KIAA0018 gene complete cds""",1,1.01,1.03,1.07,1.06,0.85,0.65,0.45,0.43,0.34,0.43,0.5,0.43,1.24,0.88,1.04,0.86,1.25,0.48
75,  W79450,347007,  SID347007  EST  W79450,1,0.97,1.22,1.12,0.84,0.94,0.74,0.56,0.51,0.46,0.56,0.46,0.57,1.35,1.01,0.98,0.68,0.71,0.47
76,  H52219,209731,  SID209731  EST  H52219,1,1.31,1.45,1.5,1.38,0.93,0.76,0.62,0.59,0.61,0.49,0.56,0.45,1.63,1.15,1,1.55,0.94,0.55
77,  AA037718,485025,  EST  AA037718,1,1.18,0.73,0.83,0.79,0.61,0.39,0.24,0.17,0.38,0.35,0.38,0.44,0.91,0.78,0.54,0.46,0.74,0.38
78,  AA012996,360233,  SID360233  EST  AA012996,1,0.93,0.77,0.84,0.74,0.66,0.5,0.35,0.31,0.52,0.43,0.44,0.39,0.91,0.87,0.83,0.62,0.8,0.45
79,  N33221,270519,  MAC30 (differentially expressed in meningiomas),1,0.91,0.92,0.81,0.73,0.51,0.36,0.3,0.23,0.37,0.32,0.36,0.4,0.94,0.81,0.6,0.59,1.52,0.3
80,  N91268,305890,  Thymosin beta-4,1,1.08,0.84,0.95,0.94,0.82,0.59,0.54,0.24,0.49,0.48,0.63,0.41,0.95,0.97,0.77,1.03,2.95,0.42
81,  N20862,265343,  EST  N20862,1,0.88,0.86,0.67,0.72,0.83,0.54,0.5,0.34,0.45,0.5,0.47,0.43,0.74,1.04,1.22,0.73,0.64,0.39
82,  AA055558,377600,"  ""Spectrin betanon-erythrocytic 1""",1,1.06,1,1.02,1.07,1.16,0.68,0.49,0.4,0.55,0.82,0.91,0.64,0.92,1.59,0.83,0.83,1.01,0.98
83,  AA047641,376951,  SID376951  EST  AA047641,1,1.32,1.27,0.87,1.04,1.05,0.81,0.52,0.43,0.69,0.7,0.69,0.73,1.11,0.99,0.85,0.65,0.73,0.56
84,  AA025786,366364,  SID366364  EST  AA025786,1,1.11,1.03,0.76,0.8,0.6,0.52,0.45,0.32,0.33,0.51,0.61,0.57,0.87,1.02,0.64,0.55,1.09,0.4
85,  AA053028,510196,  3-HYDROXY-3-METHYLGLUTARYL-COENZYME A REDUCTASE,1,0.74,0.95,0.89,0.73,0.36,0.2,0.22,0.19,0.23,0.16,0.19,0.28,0.61,0.93,0.95,0.95,1.95,0.43
86,  AA040872,486055,  SID486055  Cytochrome P450 IB1 (dioxin-inducible),1,0.81,0.93,0.75,1.18,0.54,0.31,0.34,0.23,0.31,0.36,0.36,0.53,0.8,0.87,1.07,2.14,1.73,1.54
87,  AA057199,489084,  EST  AA057199,1,1.05,0.96,0.98,0.87,0.54,0.31,0.31,0.41,0.48,0.36,0.36,0.4,1.06,0.74,0.37,0.29,0.55,0.27
88,  AA047419,488130,  SID488130  EST  AA047419,1,1.08,1.47,1.46,1.02,0.58,0.49,0.49,0.63,0.67,0.57,0.62,0.63,1.04,1.69,1.46,2.02,1.65,0.77
89,  W90080,418128,"  ""SID418128  Homo sapiens ring finger protein (FXY) mRNA complete cds""",1,1.3,1.27,1.07,1.05,0.64,0.42,0.48,0.61,0.7,0.58,0.57,0.84,1.18,1.21,1.09,0.9,1.19,0.81
90,  AA040147,485930,  EST  AA040147,1,1.05,1.27,0.86,1.04,0.61,0.49,0.55,0.52,0.58,0.61,0.56,0.44,0.71,1.02,0.45,0.46,0.68,0.34
91,  AA036947,472082,  EST  AA036947,1,1.16,1.2,0.93,0.86,0.49,0.45,0.53,0.45,0.56,0.64,0.64,0.51,0.85,1.01,0.49,0.58,1.01,0.6
92,  N32165,272110,  EST  N32165,1,1.05,1.13,1.01,0.77,0.43,0.33,0.51,0.49,0.6,0.5,0.69,0.79,1.27,1.13,0.85,1.02,1.8,1.35
93,  AA043938,487008,"  ""Homo sapiens HMG box containing protein 1 mRNA complete cds""",1,0.85,1.07,1.05,0.83,0.59,0.39,0.61,0.67,0.55,0.69,0.69,0.72,0.95,0.72,0.77,0.75,0.82,0.67
94,  W67250,343119,  SID343119  EST  W67250,1,1.09,0.92,1.12,1.16,0.53,0.48,0.7,0.59,0.54,0.42,0.41,0.71,1,1.5,2.2,3.73,1.74,1.94
95,  AA029774,469822,  Alpha-1 type 3 collagen  ,1,1.2,1.21,0.81,0.81,0.69,0.51,0.47,0.56,0.43,0.72,0.75,0.28,0.97,1.21,0.56,0.6,0.75,0.37
96,  N66765,287028,"  ""SID287028  Homo sapiens cAMP-specific phosphodiesterase 8A (PDE8A) mRNA partial cds""",1,1.12,1.04,1.02,0.79,0.77,0.51,0.49,0.69,0.61,0.85,0.99,0.28,1.14,1.03,0.72,0.67,0.9,0.33
97,  AA024914,365251,  SID365251  EST  AA024914,1,0.95,0.78,1.01,0.85,0.88,0.54,0.43,0.57,0.57,0.69,0.74,0.47,1.02,0.94,0.83,0.91,1.07,0.57
98,  T65590,21829,  SID21829  EST  T65590,1,0.7,1.56,1.24,0.79,0.74,0.49,0.52,0.42,0.64,0.67,0.65,0.4,1.2,0.86,0.53,0.67,0.8,0.3
99,  N21470,265868,  SID265868  EST  N21470,1,0.72,0.84,0.76,0.79,0.87,0.5,0.54,0.45,0.7,0.56,0.78,0.36,0.8,0.77,0.82,0.85,0.95,0.34
100,  AA031314,470429,  Homo sapiens mRNA for putative progesterone binding protein,1,0.97,0.83,1.09,1.01,1.1,0.69,0.61,0.69,0.49,0.66,0.75,0.33,1.05,0.96,0.97,0.95,0.95,0.4
101,  AA034054,429919,"  ""Human mRNA for DB1 complete cds""",1,1.12,1.64,1.18,0.76,0.8,0.62,0.58,0.47,0.6,0.55,0.49,0.87,1.15,0.88,0.9,0.9,0.79,0.82
102,  AA044633,488488,"  ""Brain-expressed HHCPA78 homolog [humanHL-60 acute promyelocytic leukemia cellsmRNA 2704 nt]""",1,2.02,0.98,1.08,1.05,0.46,0.5,0.8,1.5,1.91,1.9,1.86,1.04,0.83,0.91,0.78,0.81,1.6,7.09
103,  AA011218,359769,  Brain-expressed HHCPA78 homolog [human  HL-60 acute promyelocytic leukemia cells  mRNA  2704 nt],1,1.25,0.81,0.63,1.05,0.45,0.51,0.67,1.41,1.82,1.4,1.59,1.35,1.15,0.97,1.06,0.85,1.33,4.82
104,  AA029205,470008,"  ""SID470008  Homo sapiens thyroid receptor interactor (TRIP7) mRNA 3' end of cds""",1,1.17,0.62,0.77,0.89,0.58,0.61,0.67,1.03,1.58,1.34,1.56,1.24,0.95,0.83,0.49,0.68,0.99,3.14
105,  W95464,357806,"  ""SID357806  ESTsHighly  similar to HYPOTHETICAL 9.8 KD PROTEIN ZK652.3 IN CHROMOSOME III [Caenorhabditis elegans]""",1,0.98,0.57,0.87,0.72,0.45,0.48,0.76,0.69,1.11,1.07,1.21,1.11,0.89,0.73,0.37,0.55,1.26,1.06
106,  W04611,320281,  EST  W04611,1,0.86,0.77,0.97,0.83,0.51,0.7,0.82,0.86,1.22,1.62,1.68,1.76,0.85,0.94,0.6,0.87,1.11,1.62
107,  R38619,22883,"  ""Homo sapiens GDP-L-fucose pyrophosphorylase (GFPP) mRNA complete cds""",1,0.76,0.71,0.79,0.56,0.5,0.49,0.63,1.13,0.95,1.21,1.28,1.17,0.89,0.82,1.05,0.74,0.8,0.97
108,  R33609,135900,  EST  R33609,1,1.01,0.65,1.1,0.93,0.44,0.35,0.37,0.79,1.07,1.01,0.87,0.78,0.83,0.92,0.5,2.16,1.15,3.02
109,  AA039640,376316,  WEE1-LIKE PROTEIN KINASE,1,1.01,0.85,0.98,0.84,0.25,0.25,0.27,0.51,0.86,0.89,1.18,1.11,0.97,1.12,1.1,1.52,0.83,1.65
110,  W70150,344314,"  ""Human ATPase DNA-binding protein (HIP116) mRNA3' end""",1,0.97,0.77,0.92,0.91,0.52,0.4,0.39,0.94,1.02,1.3,1.47,1.16,0.91,0.86,0.55,0.7,0.71,1.01
111,  AA042944,486513,  EST  AA042944,1,0.9,0.59,0.44,0.64,0.33,0.23,0.33,0.58,0.94,0.71,0.72,0.89,0.88,0.7,0.64,0.43,0.88,0.68
112,  W74140,346311,  SID346311  EST  W74140,1,0.81,0.63,0.77,0.96,0.45,0.41,0.48,0.65,0.69,0.82,1.01,0.88,0.89,1.06,0.97,1.16,1.18,0.85
113,  N38985,243387,  EST  N38985,1,0.97,0.54,0.75,0.85,0.47,0.48,0.5,0.6,0.77,0.83,0.83,0.82,0.81,0.87,0.45,0.6,1.08,0.7
114,  N64669,290050,  EST  N64669,1,0.7,0.52,0.7,1.01,0.46,0.39,0.59,0.59,0.73,0.74,0.69,0.86,0.83,0.96,0.69,0.73,0.87,0.65
115,  T72562,22144,  EST  T72562,1,0.78,0.63,0.7,0.87,0.49,0.54,0.75,0.82,0.8,0.86,0.96,0.73,0.89,0.81,0.41,0.64,0.83,0.83
116,  N66534,285946,  SID285946  EST  N66534,1,1.06,0.61,0.85,0.87,0.56,0.65,0.74,0.76,1.1,0.9,0.85,1.14,0.96,0.88,0.58,0.84,1.09,1.16
117,  H29047,52705,  SID52705  Homo sapiens clones 24622 and 24623 mRNA sequence,1,1.09,0.92,0.77,1.01,0.72,0.88,0.73,0.8,1.13,1.11,0.98,0.9,1.05,0.92,0.78,0.78,0.97,1.01
118,  R51510,38783,  EST  R51510,1,0.94,0.62,0.67,0.7,0.72,0.93,0.84,0.92,1.21,1.06,1.21,0.97,1.13,0.94,0.61,0.82,1.14,1.34
119,  H00168,149477,  SID149477  EST  H00168,1,0.89,0.72,0.57,0.99,0.7,0.62,0.47,0.62,1.01,1,1.2,0.65,0.92,0.62,0.53,0.59,0.69,0.77
120,  AA024606,365087,  SID365087  EST  AA024606,1,0.95,0.77,0.6,1.04,0.84,0.81,0.62,0.74,1.08,1.2,1.23,0.93,0.8,0.85,0.37,0.45,1.01,0.78
121,  R56644,41302,"  ""Homo sapiens mRNA for KIAA0643 protein partial cds""",1,0.92,0.61,0.56,0.81,0.73,0.67,0.67,0.58,0.82,1.18,1.12,0.89,0.94,0.86,0.56,1.11,0.9,1.01
122,  H62361,236188,  SID236188  EST  H62361,1,0.97,0.68,0.83,0.84,0.96,0.6,0.58,0.7,0.78,0.92,1.07,0.53,1.19,1.03,1.05,0.9,0.78,0.85
123,  R82488,149188,"  ""Human syntaxin 7 mRNA complete cds""",1,0.98,0.62,0.76,0.93,0.71,0.6,0.5,0.87,0.86,1.13,1.1,0.66,1.16,1.17,0.79,0.88,0.76,0.58
124,  H63779,208950,  SID208950  Aldehyde dehydrogenase 10 (fatty aldehyde dehydrogenase),1,0.82,0.3,0.57,0.78,0.68,0.52,0.34,0.43,0.83,0.86,1.06,0.72,0.97,0.92,0.69,0.83,0.89,0.55
125,  R15989,53347,  Meis1 (mouse) homolog,1,0.79,0.36,0.5,0.49,0.68,0.45,0.38,0.36,0.74,0.9,0.71,0.54,0.66,0.67,0.53,0.95,0.82,0.59
126,  R43846,33059,  E3 UBIQUITIN-PROTEIN LIGASE (NEDD-4) protein,1,0.64,0.39,0.38,0.75,0.75,0.59,0.46,0.42,1.08,1.31,1.35,0.89,0.63,0.76,0.4,1.35,0.96,1.72
127,  R43729,32915,  SID32915  EST  R43729,1,0.94,0.54,0.66,0.59,0.68,0.8,0.78,0.6,0.89,1.16,1.13,1.07,0.84,0.82,0.44,0.64,0.75,0.88
128,  N70450,297161,  Coagulation factor II (thrombin) receptor,1,0.9,0.88,0.65,1.31,1.04,0.92,0.76,0.67,0.98,1.1,1.07,1.4,0.97,0.96,0.81,0.96,1.43,0.77
129,  AA005169,429074,  SID429074  EST  AA005169,1,0.85,0.76,0.9,0.69,0.23,0.35,0.34,0.28,0.55,0.46,0.51,0.78,0.73,1,0.44,0.69,1.29,0.76
130,  AA025310,364715,"  ""SID364715  Homo sapiens thrombospondin 3 (THBS3) gene complete cds""",1,1.02,0.94,0.88,0.98,0.39,0.45,0.41,0.36,0.59,0.54,0.57,0.73,0.89,0.99,0.64,0.69,1.03,0.58
131,  N51744,281745,  SID281745  EST  N51744,1,0.96,0.73,0.66,0.95,0.34,0.24,0.18,0.36,0.64,0.56,0.56,0.47,0.82,1.04,0.73,0.66,1.36,0.53
132,  W93694,357297,  Mast/Stem cell growth factor receptor,1,1.17,1.03,0.99,0.78,0.3,0.16,0.16,0.19,0.68,0.66,0.64,0.47,1.26,0.9,0.49,0.38,1.24,0.4
133,  H83658,221898,  SID221898  EST  H83658,1,0.94,1.15,0.9,0.97,0.67,0.52,0.49,0.5,0.85,0.94,1.01,0.67,1.15,1.04,0.46,0.5,0.89,0.93
134,  N63574,278241,  SID278241  EST  N63574,1,0.86,0.99,0.97,0.71,0.62,0.49,0.47,0.46,0.71,0.71,0.87,0.66,1.17,1.03,0.64,0.77,1.31,0.64
135,  N79778,300323,  EST  N79778,1,1.1,0.82,0.88,0.83,0.53,0.44,0.33,0.47,0.86,0.71,0.73,0.58,0.75,0.78,0.51,0.74,0.94,0.62
136,  N64209,277895,  SID277895  EST  N64209,1,1.07,0.8,0.77,1,0.55,0.49,0.39,0.41,0.77,0.67,0.77,0.65,0.86,0.9,0.7,0.7,0.88,0.65
137,  N72289,291387,  SID291387  EST  N72289,1,1.05,0.78,0.71,0.85,0.65,0.46,0.43,0.44,0.74,0.84,0.81,0.69,0.87,1.06,0.75,0.98,1.46,0.52
138,  W71999,345643,  Homo sapiens LIM domain binding protein (LDB1) ,1,0.85,1,0.9,0.77,0.6,0.37,0.3,0.52,0.96,0.73,0.72,0.9,0.81,0.87,0.73,0.84,0.76,1.09
139,  AA019203,363103,  High-mobility group (nonhistone chromosomal) protein 2,1,1.09,0.89,0.91,0.62,0.49,0.33,0.32,0.45,0.82,0.64,0.67,0.84,0.91,0.83,0.68,1.12,0.94,1.42
140,  W81522,347736,"  ""ESTsHighly similar to alpha-adducin [H.sapiens]""",1,1.26,0.89,0.98,0.94,0.58,0.48,0.49,0.57,0.83,0.64,0.7,0.72,1.2,0.86,0.75,0.54,0.87,0.64
141,  AA057771,376973,"  ""Human Bruton's tyrosine kinase-associated protein-135 mRNA complete cds""",1,1.07,0.76,0.81,0.87,0.49,0.47,0.48,0.57,0.78,0.66,0.62,0.86,0.77,0.83,0.62,0.59,0.89,0.68
142,  AA045742,487962,"  ""Human B4-2 protein mRNA complete cds""",1,1.27,0.98,1.25,0.89,0.34,0.21,0.22,0.3,0.57,0.48,0.51,0.61,1.13,1.22,1.61,2.27,0.79,0.65
143,  AA029451,366848,  EST  AA029451,1,0.9,0.84,1.03,0.66,0.6,0.4,0.41,0.45,0.63,0.62,0.67,0.64,1.05,1.13,1.15,0.61,0.85,0.54
144,  H25014,160605,  SID160605  EST  H25014,1,1.01,0.88,0.98,0.7,0.42,0.29,0.26,0.32,0.52,0.52,0.74,0.64,0.91,0.83,0.58,0.93,1.46,0.77
145,  H62473,209655,"  ""Transforming growth factorbeta receptor III (betaglycan 300kD))""",1,1,1.18,1.32,1.14,0.88,0.3,0.3,0.42,0.61,0.58,0.77,0.48,1.39,1.14,1.09,1.37,1.27,0.62
146,  W45726,323555,"  ""SID323555  FYN oncogene related to SRC FGR YES""",1,1.05,0.98,0.99,1.17,0.86,0.45,0.36,0.38,0.62,0.68,0.91,0.56,1.06,0.86,0.75,0.99,1.03,0.61
147,  AA007609,429409,  SID429409  EST  AA007609,1,1.05,1.14,0.91,1.06,0.64,0.46,0.38,0.38,0.68,0.56,0.6,0.59,1.01,0.77,0.64,0.82,1.07,0.43
148,  AA035285,471535,"  ""SID471535  Human lipid-activated protein kinase PRK2 mRNA complete cds""",1,1.02,1.26,1.22,1.13,0.75,0.56,0.49,0.49,0.8,0.85,0.71,0.92,1.01,0.88,0.83,0.95,0.98,0.72
149,  W93986,357488,"  ""Human mRNA for KIAA0188 gene partial cds""",1,0.79,0.73,0.73,0.88,0.72,0.33,0.39,0.33,0.66,0.64,0.68,0.66,0.97,0.84,0.79,0.97,1.79,0.83
150,  AA001025,362009,"  ""SID362009  ESTsHighly  similar to GROWTH ARREST AND DNA-DAMAGE-INDUCIBLE PROTEIN GADD153 [Homo sapiens]""",1,1.27,1.16,1.24,0.9,0.91,0.72,0.64,0.69,0.68,0.81,1.22,0.72,1.32,1.29,1.15,0.99,1.21,0.77
151,  AA045561,509633,"  ""SID509633  ESTs Moderately similar to Kryn [M.musculus]""",1,0.97,1.02,1.17,0.77,0.94,0.53,0.47,0.58,0.95,0.91,0.8,0.82,1.55,0.82,0.93,0.88,0.77,0.73
152,  AA059074,381722,  SID381722  EST  AA059074,1,0.98,0.81,0.9,0.88,0.68,0.38,0.41,0.58,0.57,0.85,0.98,0.58,1.13,1.07,0.94,0.83,1.26,0.84
153,  N67978,290479,  SID290479  EST  N67978,1,1.31,0.92,1.17,1.03,0.88,0.56,0.49,0.62,0.81,1.04,1.1,0.85,1.32,1.09,0.95,0.87,1.13,0.99
154,  AA007439,429311,  EST  AA007439,1,0.91,0.61,0.75,0.72,0.82,0.42,0.38,0.39,0.59,0.87,0.81,0.63,1.02,0.79,0.64,0.9,1.21,0.61
155,  H17482,50073,  SID50073  EST  H17482,1,0.69,0.64,0.54,0.73,0.5,0.46,0.24,0.26,0.84,0.69,0.63,0.52,0.71,0.8,0.3,0.7,0.91,0.64
156,  N93862,309231,"  ""SID309231  ESTsModerately similar to zinc finger protein [R.norvegicus]""",1,1.06,0.84,0.93,0.9,0.69,0.44,0.4,0.37,1.08,0.65,0.76,0.74,0.99,0.89,0.73,0.63,0.84,0.91
157,  W67226,343397,  AH-receptor,1,1.04,0.92,0.83,0.9,0.74,0.53,0.4,0.47,0.98,0.81,0.9,0.61,0.95,1.19,1.47,2.32,2.07,1.53
158,  AA011388,429515,  EST  AA011388,1,0.77,0.56,0.67,0.72,0.64,0.46,0.4,0.34,0.73,0.64,0.64,0.59,0.87,0.81,0.59,0.61,1,0.71
159,  W45465,328922,  SID328922  EST  W45465,1,0.97,0.67,0.78,0.79,0.59,0.43,0.32,0.37,0.76,0.64,0.52,0.48,0.7,0.76,0.61,0.95,0.99,0.56
160,  AA010624,430337,  EST  AA010624,1,0.92,0.9,0.79,0.9,0.56,0.4,0.36,0.47,0.7,0.72,0.6,0.5,0.71,0.99,0.69,0.97,1.23,0.6
161,  N64806,284642,"  ""Aminolevulinate delta- synthase 2 (sideroblastic/hypochromic anemia)""",1,0.93,0.61,0.76,0.94,0.42,0.26,0.2,0.31,0.7,0.74,0.76,0.82,1.08,1.02,0.89,0.87,1.26,0.74
162,  N50448,280659,  SID280659  EST  N50448,1,0.9,0.68,0.94,0.87,0.68,0.5,0.36,0.41,0.78,0.69,0.81,0.86,0.98,1.15,0.91,1,1.1,0.67
163,  N31484,272155,  SID272155  EST  N31484,1,0.98,0.58,0.99,1.08,0.59,0.45,0.26,0.44,0.76,0.88,0.86,1.32,1.03,0.91,0.73,0.79,0.82,0.89
164,  N63511,278125,  SID278125  Dihydropyrimidine dehydrogenase,1,1.15,0.83,0.87,1,0.88,0.67,0.46,0.38,1,0.96,0.96,1.02,1.08,0.93,0.88,1.02,1,1.17
165,  H08856,45747,  EST  H08856,1,0.98,0.85,0.6,0.87,0.56,0.46,0.33,0.26,0.66,0.62,0.87,0.89,0.77,0.77,0.29,0.52,0.92,0.61
166,  W92305,359045,  EST  W92305,1,1.29,0.89,0.71,0.9,0.58,0.47,0.39,0.26,0.65,0.82,0.83,0.97,0.91,1.04,0.59,0.75,1.04,0.73
167,  H63374,209321,  Damage-specific DNA binding protein 2 (48 kD),1,0.82,0.87,0.93,0.93,0.69,0.58,0.36,0.29,0.67,0.71,0.94,0.93,1.02,1.06,0.73,1,1.28,0.77
168,  R44177,34346,"  ""SID34346  Human mRNA for KIAA0203 gene complete cds""",1,1.01,0.85,1.12,0.9,0.76,0.54,0.45,0.32,0.78,0.65,0.8,0.92,1.01,1.08,0.79,0.72,0.94,0.72
169,  N69835,297604,  SID297604  EST  N69835,1,0.94,0.8,0.78,0.71,0.6,0.44,0.37,0.33,0.62,0.6,0.57,0.82,0.76,0.77,0.57,0.61,0.77,0.74
170,  AA045506,487308,  EST  AA045506,1,0.79,0.68,0.75,0.82,0.43,0.35,0.4,0.31,0.7,0.59,0.72,0.81,0.84,0.7,0.35,0.84,1.05,0.67
171,  AA004712,429010,  TISSUE FACTOR PATHWAY INHIBITOR PRECURSOR,1,0.76,0.69,0.9,0.87,0.52,0.51,0.49,0.35,0.81,0.76,0.84,1.11,0.65,0.79,0.48,0.86,1.09,0.83
172,  W93502,357348,  SID357348  EST  W93502,1,0.85,0.71,0.7,0.91,0.47,0.66,0.42,0.34,0.77,0.78,0.83,0.98,0.84,1.01,0.89,0.8,1.05,1.34
173,  AA054129,380425,  SID380425  Adducin 3 (gamma),1,1.08,0.88,0.81,1.03,0.64,0.54,0.44,0.39,0.73,0.74,0.97,1.05,1.14,0.87,0.86,0.94,1.45,0.75
174,  W87769,417030,  SID417030  EST  W87769,1,1.17,0.75,0.69,0.83,0.68,0.53,0.63,0.49,0.63,0.66,0.96,0.89,0.92,0.73,0.64,0.66,0.93,0.65
175,  N75545,299290,  SID299290  EST  N75545,1,1.09,0.73,0.78,1.01,0.59,0.56,0.63,0.6,0.84,0.78,0.86,0.97,0.99,1.04,0.87,0.89,1.14,0.84
176,  AA025835,365756,"  ""SID365756  Human mRNA for CMP-sialic acid transporter complete cds""",1,1.36,0.99,0.75,1.19,0.53,0.57,0.58,0.46,0.99,0.83,0.93,1.03,0.85,1.02,0.52,0.73,1.14,0.8
177,  AA010407,430322,"  ""Human DEAD-box protein p72 (P72) mRNA complete cds""",1,0.93,0.62,0.67,0.68,0.58,0.39,0.42,0.46,0.89,0.92,0.96,0.75,0.76,0.56,0.42,0.78,1.01,0.92
178,  AA056431,509833,  SID509833  INTERFERON-INDUCED 54 KD PROTEIN,1,0.94,0.59,0.77,0.7,0.54,0.39,0.4,0.46,0.59,0.7,0.94,0.96,1.15,1.13,1.4,1.01,1.6,0.94
179,  AA058747,488218,  EST  AA058747,1,0.72,0.59,0.62,0.79,0.51,0.43,0.38,0.4,0.61,0.59,0.71,0.7,0.76,0.63,0.62,0.62,1.06,0.67
180,  AA021607,364033,  SID364033  EST  AA021607,1,0.81,0.53,0.69,0.94,0.69,0.37,0.44,0.41,0.95,0.88,0.83,0.53,0.64,0.61,1.53,0.47,0.85,0.57
181,  H86088,222387,  SID222387  EST  H86088,1,0.71,0.86,0.51,0.8,0.49,0.32,0.34,0.29,0.95,0.74,0.65,0.8,0.87,0.69,0.71,0.54,0.74,0.59
182,  N47794,281108,  EST  N47794,1,0.63,0.74,0.7,1.04,0.58,0.44,0.47,0.49,0.96,0.96,0.81,0.7,0.85,0.98,0.58,1.02,1.05,0.78
183,  AA016001,360743,  EST  AA016001,1,0.5,0.71,0.64,0.49,0.55,0.46,0.43,0.37,0.87,0.94,0.98,1.04,0.67,0.75,0.52,0.76,1,1.17
184,  N73953,298306,  SID298306  EST  N73953,1,0.69,0.71,0.78,0.71,0.57,0.46,0.65,0.44,0.74,0.87,0.99,0.86,0.78,0.78,0.54,0.54,0.99,0.64
185,  H05758,43618,"  ""Human G protein-activated inwardly rectifying potassium channel HGIRK1/Kir3.1 mRNA complete cds""",1,0.69,0.71,0.63,0.77,0.75,0.58,0.58,0.42,0.87,0.96,1.23,0.87,0.81,0.56,0.25,1,0.9,1.13
186,  AA018594,362500,  SID362500  EST  AA018594,1,1.04,0.84,0.95,0.78,0.58,0.68,0.61,0.61,1.15,1.22,1.4,1.04,1.12,1.06,0.57,0.86,1.19,1.13
187,  W74533,346583,  EST  W74533,1,0.81,0.81,1.11,1.01,0.5,0.6,0.55,0.55,1.1,1,1.11,0.96,1.13,0.72,0.62,0.69,1.23,0.73
188,  N72130,291087,  SID291087  EST  N72130,1,0.9,0.88,0.87,1.14,0.62,0.68,0.71,0.66,1.08,1.35,1.4,1.01,0.98,0.89,0.5,0.66,1.06,0.84
189,  N79013,306285,  EST  N79013,1,1,0.93,0.86,0.87,0.65,0.56,0.75,0.7,1.15,1.01,1.22,0.96,1.09,0.92,0.46,0.69,1.53,0.99
190,  H77631,214215,  H.sapiens mRNA for hcgVIII protein,1,1.25,1.1,1.02,0.97,0.54,0.59,0.83,0.73,1.08,1.24,1.32,0.95,1.21,0.97,0.53,0.86,1.06,1.24
191,  R70903,142626,  EST  R70903,1,0.93,0.93,0.93,0.63,0.42,0.69,0.72,0.55,1.06,1.04,1.08,0.93,1.2,1.02,0.8,0.96,0.98,0.74
192,  R44858,33368,"  ""Human cyclin-dependent kinase inhibitor p27kip1 mRNA complete cds""",1,0.6,0.79,0.58,0.49,0.36,0.32,0.28,0.34,0.63,0.81,1.03,0.57,0.81,0.63,0.39,0.64,0.77,0.64
193,  H06287,44098,  SID44098  EST  H06287,1,0.67,0.82,0.82,0.56,0.43,0.47,0.39,0.47,0.85,0.71,0.74,0.81,0.98,0.92,0.45,0.61,0.8,0.72
194,  R43550,32788,  EST  R43550,1,0.58,0.75,0.72,0.49,0.51,0.71,0.33,0.42,0.78,0.7,0.89,0.69,0.68,0.81,0.45,0.64,0.84,0.48
195,  H92076,221527,  SID221527  EST  H92076,1,0.74,0.85,0.92,0.78,0.36,0.36,0.28,0.28,0.88,0.99,0.91,0.56,1.01,0.9,0.36,0.39,0.69,0.59
196,  N39221,276937,  HEAT SHOCK FACTOR PROTEIN 2,1,0.9,0.91,0.95,0.86,0.62,0.52,0.43,0.38,0.94,1.23,1.13,0.65,1.12,1.02,0.5,0.79,1.16,1.24
197,  R73580,141483,  EST  R73580,1,0.89,1.04,1.07,1.01,0.68,0.56,0.42,0.38,0.79,0.83,0.97,0.64,1.03,0.97,0.83,1.71,1.21,1.01
198,  R62600,138998,"  ""Human hSIAH1 mRNA complete cds""",1,0.87,1.23,1.14,0.89,0.69,0.63,0.58,0.49,0.88,0.97,1.25,0.8,1.14,1.07,0.98,1.85,1.35,1.03
199,  H14569,48320,  SID48320  EST  H14569,1,0.75,0.98,0.91,0.7,0.43,0.4,0.4,0.44,0.75,0.77,0.78,0.54,1.19,1.03,0.67,0.61,0.93,0.55
200,  H88517,252962,  SID252962  EST  H88517,1,0.98,1.32,1.11,1.07,0.57,0.44,0.51,0.44,0.82,0.76,1.03,0.65,1.13,1.02,0.72,0.99,1.95,1.22
201,  T89077,22328,  EST  T89077,1,0.64,1.49,1.05,0.96,0.68,0.66,0.59,0.79,0.85,1.16,1.3,0.95,1.42,1.24,0.73,0.97,1.33,1.84
202,  H29270,49844,  EST  H29270,1,1.18,0.58,0.65,0.84,0.49,0.31,0.21,0.17,0.73,1.19,1.41,1.14,0.87,0.73,0.46,0.68,0.79,1.15
203,  R43139,31905,  EST  R43139,1,0.93,0.56,0.72,0.86,0.63,0.34,0.2,0.27,0.7,1.33,1.5,1.08,0.98,0.92,0.72,0.8,0.8,0.91
204,  N72115,291057,  CDK6 inhibitor p18,1,1.08,0.82,0.91,1.17,0.66,0.49,0.42,0.51,0.93,1.23,1.61,1.1,0.93,0.76,0.91,0.95,0.93,1.33
205,  H92461,231502,  EST  H92461,1,0.76,1.07,1.01,0.75,0.6,0.38,0.31,0.28,0.87,1.04,1.37,1.03,1.14,0.92,0.52,0.63,1.27,1.17
206,  W46792,324578,  DP2 (E2F dimerization partner 2),1,1.01,0.79,0.92,0.81,0.54,0.42,0.37,0.32,0.8,1.23,1.07,1.09,1.03,0.83,1.21,0.61,1.26,0.65
207,  W47204,324824,  Homo sapiens clone 24651 mRNA sequence,1,0.87,0.72,0.82,0.96,0.56,0.46,0.55,0.38,0.96,0.96,1.17,0.93,0.89,0.9,0.4,0.83,1.4,0.95
208,  N67806,291571,"  ""SID291571  Human mRNA for histamine N-methyltransferase complete cds""",1,1.14,0.77,0.92,1.1,0.61,0.54,0.66,0.5,1.01,1.05,1.16,1.22,0.8,0.92,0.56,0.64,0.84,0.84
209,  N63536,278171,  EST  N63536,1,0.88,0.82,0.86,0.83,0.56,0.39,0.56,0.49,0.83,0.97,1.25,1.09,0.89,0.82,0.67,0.66,1.22,1.05
210,  H20847,51460,  EST  H20847,1,0.99,0.62,0.67,0.68,0.61,0.4,0.28,0.27,0.89,0.93,1.15,1.61,0.81,0.82,0.58,0.81,0.7,1.31
211,  AA040156,485933,  BINDING REGULATORY FACTOR,1,0.77,0.58,0.63,0.68,0.58,0.37,0.32,0.37,0.55,0.65,0.72,1.08,0.82,0.59,0.4,0.58,0.86,0.64
212,  N80164,297445,"  ""SID297445  Homo sapiens DNA recombination and repair protein hNgs1 (hNGS1) mRNA complete cds""",1,0.47,0.26,0.39,0.58,0.17,0.16,0.14,0.19,0.59,0.74,0.9,0.46,0.42,0.4,0.7,0.28,0.46,0.62
213,  R37278,25992,  SID25992  EST  R37278,1,0.83,0.45,0.49,0.77,0.52,0.4,0.31,0.37,0.63,0.71,0.88,0.69,0.78,0.64,0.3,0.73,0.82,0.55
214,  AA011444,429572,  EST  AA011444,1,0.93,0.5,0.7,0.9,0.55,0.47,0.44,0.42,0.76,0.78,1.03,0.77,0.83,0.78,0.31,0.62,1.02,0.73
215,  AA043103,486739,  H.sapiens mRNA for Ndr protein kinase,1,0.68,0.61,0.77,0.86,0.62,0.49,0.42,0.54,0.9,0.88,0.93,0.99,1.03,0.83,0.67,0.83,0.95,0.94
216,  T98860,122585,"  ""SID122585  Homo sapiens mRNA for KIAA0602 protein partial cds""",1,0.67,0.54,0.53,0.78,0.51,0.46,0.4,0.42,0.84,0.71,0.78,0.91,0.74,0.72,0.48,0.7,1.18,0.89
217,  AA024845,365026,"  ""SID365026  Human transmembrane receptor (ror2) mRNA complete cds""",1,0.58,0.34,0.51,0.54,0.41,0.23,0.24,0.24,0.57,0.5,0.59,0.62,0.57,0.52,0.35,0.53,0.83,0.59
218,  AA035360,471665,  EST  AA035360,1,0.9,0.71,1.02,1.06,0.77,0.48,0.47,0.53,1.29,0.87,0.94,0.97,1.24,0.99,0.75,0.82,1.17,0.85
219,  AA046042,488749,"  ""Human mRNA for KIAA0092 gene complete cds""",1,1.64,1.02,1.54,1.19,1.13,0.71,0.69,0.62,1.51,1.24,1.76,2.03,1.39,1.28,0.95,0.93,1.37,1.71
220,  AA056199,509503,"  ""SID509503  Homo sapiens phospholipid scramblase mRNA complete cds""",1,1.05,0.71,0.8,0.68,0.7,0.59,0.53,0.59,1.01,0.99,0.96,1.45,0.91,0.8,0.67,0.81,0.83,1.09
221,  R09377,127578,"  ""SID127578  Human DEAD-box protein p72 (P72) mRNA complete cds""",1,1.07,1.72,1.21,0.77,0.87,0.91,0.6,0.94,1.08,0.99,1.06,0.81,1.51,0.86,0.39,0.7,0.77,1.29
222,  H11911,47767,  SID47767  EST  H11911,1,0.89,1,1.21,0.77,1.21,0.49,0.44,0.63,1.04,0.82,1.29,0.95,1.2,1.22,0.81,0.95,0.92,1.23
223,  H15273,49594,  EST  H15273,1,0.63,0.89,0.94,0.57,0.83,0.53,0.29,0.46,0.76,0.6,0.74,0.67,1.26,0.91,0.93,0.9,0.86,0.72
224,  W15407,322692,  EST  W15407,1,1.17,0.76,0.89,1.03,0.75,0.76,0.6,0.55,0.97,0.84,1.23,0.49,0.99,0.87,0.7,1.17,1.32,1
225,  N66980,287239,  SID287239  EST  N66980,1,1.25,1.09,1.05,1.32,0.88,0.73,0.7,0.63,1.05,1.31,1.58,0.64,1.22,1.31,1.13,1.01,1.01,1.25
226,  AA028136,469850,  SID469850  EST  AA028136,1,0.79,0.55,0.74,0.96,0.56,0.57,0.36,0.52,0.74,0.83,0.87,0.44,0.83,0.81,0.79,1.3,0.94,0.53
227,  R51896,39685,  SID39685  EST  R51896,1,1.15,1.41,0.92,1.09,0.74,0.5,0.48,0.77,0.89,0.85,1,0.5,1.12,1.07,0.86,0.55,0.81,0.54
228,  N68337,297594,  EST  N68337,1,1.04,1.02,0.99,1.09,0.63,0.44,0.63,0.77,0.94,0.96,0.97,0.49,1.16,0.98,0.77,1.31,1.28,0.59
229,  N22858,265750,  SID265750  X-LINKED HELICASE II,1,1.09,1.09,0.98,1.47,0.75,0.51,0.55,0.35,0.71,1,1.15,0.48,1.15,1.11,0.74,0.77,1.12,0.58
230,  N62692,292678,"  ""SID292678  Human mRNA for KIAA0355 gene complete cds""",1,0.85,0.84,0.68,1.1,0.41,0.39,0.58,0.39,0.8,0.82,0.85,0.55,0.83,0.94,0.77,0.7,1.24,0.69
231,  AA044425,486541,  Human clone 23693 mRNA sequence,1,0.93,0.77,0.78,0.71,0.71,0.66,0.46,0.62,0.55,0.89,1.22,0.79,1.04,0.9,0.67,0.63,1.1,0.84
232,  H27880,174681,  EST  H27880,1,0.65,0.97,1.11,0.79,0.62,0.37,0.41,0.66,1,1,1.1,1.09,1.03,0.84,0.41,0.78,0.82,0.75
233,  R39117,26677,  Hs.648 Cut (Drosophila)-like 1 (CCAAT displacement protein),1,0.58,0.88,0.77,0.39,0.41,0.26,0.3,0.29,0.7,0.84,1.03,0.61,0.88,0.64,0.43,0.51,0.67,0.55
234,  AA013256,360109,  EST  AA013256,1,1.01,0.96,0.96,1.19,0.55,0.22,0.1,0.18,0.79,0.97,1.07,0.74,1.04,0.93,1.19,1.6,0.94,0.95
235,  N33510,274024,"  ""Homo sapiens antigen NY-CO-33 (NY-CO-33) mRNAcomplete cds""",1,1.04,0.87,0.85,0.79,0.35,0.19,0.2,0.28,0.73,0.72,0.79,0.8,0.96,0.82,0.41,0.37,0.61,0.74
236,  N67562,285079,  H.sapiens ERF-2 mRNA,1,1.11,1.02,1.05,0.96,0.53,0.29,0.38,0.47,0.88,0.79,1.02,1.04,1.11,0.94,0.78,0.75,0.97,0.98
237,  N98485,310138,"  ""Human forkhead protein FREAC-2 mRNA partial cds""",1,1.33,1.01,1.06,1.17,0.7,0.32,0.37,0.37,0.79,1.06,1.17,1.19,0.97,0.82,0.65,0.81,1.14,0.74
238,  AA039882,485770,  ERF-2,1,0.95,1.24,0.95,1.17,0.44,0.3,0.39,0.51,0.71,0.75,0.86,0.71,0.86,1.11,0.8,0.69,0.74,0.83
239,  W73942,346099,  SID346099  EST  W73942,1,0.99,1.02,1.05,1.14,0.59,0.34,0.37,0.46,0.69,0.57,0.84,1.02,1.09,0.86,0.87,0.76,0.71,0.81
240,  AA052967,509966,  EST  AA052967,1,0.96,1.4,1.15,0.85,0.5,0.36,0.58,0.52,1.26,1.28,1.28,2.05,0.95,0.66,0.41,0.61,0.87,1.57
241,  W73157,344368,  Homo sapiens mRNA for protein phosphatase 2C (beta),1,1,1.26,0.81,0.9,0.57,0.52,0.51,0.52,0.9,0.7,0.84,1.33,0.79,0.92,0.74,1.01,1.17,0.95
242,  AA026909,469387,"  ""SID469387  H.sapiens garp gene mRNA complete CDS""",1,0.66,0.67,1.03,0.84,0.49,0.74,0.45,0.48,0.79,0.74,0.59,0.75,0.73,0.77,0.51,0.76,0.83,0.66
243,  AA026182,469194,  SID469194  Tropomodulin,1,0.81,0.6,0.86,0.67,0.43,0.64,0.5,0.48,0.7,0.75,0.81,1.28,0.68,0.86,0.4,0.77,1.2,0.85
244,  AA052933,510006,  SID510006  Interferon-inducible 56-KDa protein,1,1.04,0.85,1.23,0.96,0.46,0.62,0.66,0.47,1.08,0.91,0.91,1.42,0.66,0.9,0.5,0.74,1.02,1.25
245,  R00824,123567,  SID123567  EST  R00824,1,0.78,1.34,1.42,0.81,0.7,0.55,0.5,0.48,0.86,0.88,1.07,0.79,1.22,1.04,0.64,0.8,1.2,0.93
246,  H07905,45242,  SID45242  EST  H07905,1,0.77,1.25,1.2,0.8,0.72,0.6,0.45,0.36,0.6,0.66,0.85,0.69,1.22,0.86,0.64,0.74,0.82,0.68
247,  AA025275,364934,  H.sapiens DAP-kinase mRNA,1,0.31,0.3,0.51,0.47,0.26,0.18,0.21,0.17,0.38,0.35,0.37,0.4,0.53,0.41,0.26,0.33,0.68,0.39
248,  AA005212,428729,  EST  AA005212,1,0.42,0.3,0.51,0.66,0.4,0.28,0.26,0.24,0.4,0.39,0.49,0.48,0.48,0.51,0.87,1.64,1.32,0.62
249,  AA045111,487502,  EST  AA045111,1,1.16,0.72,0.72,0.83,1.01,0.91,0.65,0.6,0.58,0.84,0.8,0.46,0.92,0.82,0.53,0.53,0.84,0.41
250,  R05666,29194,  SID29194  POLYPOSIS LOCUS PROTEIN 1,1,0.8,0.52,0.64,0.67,1,0.79,0.47,0.63,1,0.78,0.73,0.55,0.96,0.8,0.62,0.7,0.85,0.5
251,  T63170,79319,  SID79319  EST  T63170,1,1.23,0.75,0.91,1.11,1.14,0.95,0.57,0.87,0.93,0.85,0.92,0.5,1.43,1.33,1.14,1.09,1.12,0.58
252,  N36415,273078,"  ""SID273078  ESTsHighly  similar to HYPOTHETICAL 67.6 KD PROTEIN ZK637.3 IN CHROMOSOME III [Caenorhabditis elegans]""",1,0.66,0.69,0.87,0.63,1.04,0.74,0.57,0.7,0.81,1.11,0.95,0.53,1,0.88,1.12,0.58,1,0.49
253,  H12318,148440,  EST  H12318,1,0.92,1.15,1.15,0.82,1.2,0.78,0.46,0.87,0.83,1.15,1.08,0.59,1.3,1.07,0.85,0.7,0.99,1.06
254,  T91987,112179,  SID112179  EST  T91987,1,0.99,1.23,0.81,1.19,1.1,1,0.7,1.21,0.84,1.18,1.28,0.71,1.2,1.38,1.6,1.5,1.29,0.71
255,  T91093,111725,  Fibrillin 1 (Marfan syndrome),1,0.81,0.55,0.63,0.72,0.78,0.59,0.39,0.73,0.93,0.84,0.82,0.28,1,0.89,0.65,0.64,0.91,0.32
256,  R55334,40483,  EST  R55334,1,0.74,0.96,0.81,0.67,0.69,0.94,0.58,0.62,0.87,1.34,1.4,0.77,1.05,0.76,0.57,0.7,0.76,0.51
257,  T91871,112035,  EST  T91871,1,0.88,1.27,1.05,0.94,0.9,0.87,0.52,0.67,1.12,1.55,2.2,0.85,1.12,1.11,0.81,0.87,1.02,1.29
258,  N78949,302400,  SID302400  Epidermal growth factor receptor pathway substrate 15,1,0.99,0.98,1.21,1.03,0.91,0.83,0.65,0.48,0.76,1.73,1.27,0.58,1.32,1.05,0.67,0.7,1.04,0.88
259,  W04525,320355,  EST  W04525,1,0.93,1.03,0.96,1.08,0.92,0.74,0.75,0.63,2.09,1.01,0.94,0.51,1.24,0.91,0.5,0.73,1.43,0.58
260,  R55773,40630,  SID40630  Paired basic amino acid cleaving system 4,1,0.91,0.72,1.02,0.31,1.11,0.84,0.62,0.66,1.01,0.71,0.77,0.99,0.93,0.87,0.81,0.91,0.86,0.99
261,  W88695,417717,  EST  W88695,1,1.04,1.03,0.74,0.44,0.64,0.99,0.94,0.61,1.22,0.98,1.12,1.62,0.83,0.54,0.25,0.63,0.49,1.08
262,  H17413,50704,"  ""ESTsHighly  similar to ZINC FINGER PROTEIN 91 [Homo sapiens]""",1,0.91,0.84,0.49,0.53,0.91,1.19,0.8,0.73,1.06,0.78,0.71,1.04,0.98,0.84,0.84,0.8,0.81,1.11
263,  W73148,344612,  Homo sapiens clone 23767 and 23782 mRNA sequences,1,2.94,4.08,2.74,2.48,2.68,2.61,2.15,2.32,1.34,1.35,1.23,1.46,3.76,2.23,3.01,2.26,1.84,1.13
264,  AA046654,488383,"  ""Platelet-derived growth factor receptorbeta polypeptide""",1,3.35,6.95,4.82,3.76,3.7,3.14,2.91,2.02,2.16,1.98,1.6,2.57,5.92,3.56,3.4,3.07,2.59,2.45
265,  T40920,61419,  SID61419  EST  T40920,1,0.6,1.3,1.78,1.14,1.19,0.94,0.87,0.56,1.1,0.94,1.05,0.63,1.05,1.42,0.77,2.43,1.52,1.37
266,  T93776,116819,  SID116819  Homo sapiens clone 23887 mRNA sequence,1,0.86,1.63,1.43,0.73,0.86,1.06,0.69,0.53,0.7,0.67,0.67,0.51,1.54,1.01,0.88,0.73,0.94,0.55
267,  R37986,137704,  SID137704  EST  R37986,1,0.9,1.67,1.38,0.71,1.22,0.85,0.42,0.5,0.74,0.88,0.73,0.44,1.81,1.18,1.05,2.11,1.38,0.5
268,  T40987,61539,"  ""SID61539  Cytochrome P450subfamily IIC (mephenytoin 4-hydroxylase)polypeptide 9""",1,0.83,1.31,1.64,0.66,1.24,0.8,0.36,0.45,0.51,0.64,0.61,0.37,1.89,1.24,0.98,0.87,1,0.48
269,  R12563,128329,  SID128329  EST  R12563,1,0.71,0.98,0.93,0.57,0.69,0.75,0.39,0.3,0.41,0.34,0.3,0.28,0.84,0.72,0.72,0.61,0.92,0.21
270,  H70783,214028,  SID214028  Homo sapiens mRNA for stearoyl-CoA desaturase,1,0.5,1.63,1.8,0.61,0.96,0.61,0.44,0.26,0.53,0.6,0.57,0.33,1.38,1,0.83,0.81,1.12,0.3
271,  W86869,416406,"  ""SID416406  ESTsHighly  similar to COMPLEMENT RECEPTOR TYPE 2 PRECURSOR [Homo sapiens]""",1,0.96,1.51,1.16,0.93,0.93,0.84,0.79,0.54,0.33,0.25,0.21,0.28,1.58,0.91,1.15,1.06,0.81,0.32
272,  AA055521,377346,"  ""SID377346  Complement component 1 s subcomponent""",1,1.27,1.72,1.26,1.05,1.03,1.09,1.09,0.94,0.53,0.52,0.43,0.48,1.73,1,1.09,0.83,0.65,0.4
273,  AA041382,376416,  SID376416  Complement component C1r,1,1.04,1.63,1.1,0.94,0.86,0.85,0.91,0.85,0.61,0.56,0.46,0.6,1.03,0.92,0.96,0.78,0.75,0.61
274,  AA004918,428443,  SID428443  EST  AA004918,1,1.15,1.62,1.29,0.78,0.99,1.09,0.85,0.63,0.57,0.44,0.41,0.59,1.37,1.02,0.99,0.79,0.72,0.49
275,  AA026761,375479,  SID375479  EST  AA026761,1,1.04,1.91,1.42,1.04,1.08,0.96,0.82,0.76,0.63,0.59,0.56,0.83,1.63,1.17,1.26,1.13,0.75,0.72
276,  AA043362,486545,  Lipoprotein lipase,1,1.44,1.82,1.43,1.18,1.16,1.31,1.28,0.82,1.19,0.59,0.57,0.77,1.45,1.05,1.04,0.91,0.74,0.69
277,  AA026678,366963,  Caldesmon,1,1.3,1.78,1.35,1.07,1.25,1.37,1.5,0.79,0.51,0.5,0.43,0.46,1.98,1.09,1.27,1.42,0.79,0.54
278,  AA026314,366379,"  ""RibonucleaseRNase A family1 (pancreatic)""",1,0.98,1.47,0.92,0.81,0.72,0.58,0.75,0.84,0.31,0.51,0.37,0.3,1.17,1.7,1.1,0.72,0.92,0.28
279,  AA025313,364730,"  ""SID364730  Homo sapiens P8 protein mRNA complete cds""",1,1.18,1.61,1.03,1.04,0.88,0.98,0.65,0.73,0.45,0.51,0.42,0.41,1.36,1.11,1.28,0.86,0.78,0.37
280,  AA039466,376146,  Cytochrome B561,1,0.9,0.8,1.04,1.05,0.78,0.46,0.29,0.17,0.19,0.22,0.23,0.13,1.1,0.87,0.9,0.7,1.1,0.16
281,  AA029995,469997,  EST  AA029995,1,0.91,1.14,1.2,0.97,1.1,0.82,0.59,0.44,0.65,0.5,0.42,0.42,1.35,1.06,1.18,1.67,1.19,0.47
282,  AA025800,366388,"  ""ESTsHighly  similar to PROBABLE PHOSPHOSERINE AMINOTRANSFERASE [Oryctolagus cuniculus]""",1,1.12,1.15,0.99,0.81,0.71,0.57,0.48,0.28,0.28,0.3,0.37,0.39,0.99,0.87,0.76,0.57,0.67,0.36
283,  AA053173,510298,  FARNESYL-DIPHOSPHATE FARNESYLTRANSFERASE,1,0.98,1.17,0.98,0.75,0.81,0.77,0.54,0.37,0.31,0.26,0.25,0.42,0.82,0.75,0.83,0.79,0.93,0.36
284,  W74235,346400,"  ""Cytochrome P45051 (lanosterol 14-alpha-demethylase)""",1,1.03,1.01,0.96,1.03,0.95,0.75,0.62,0.49,0.42,0.38,0.41,0.42,0.93,1.12,1.08,0.85,1.07,0.47
285,  AA045739,489285,  SID489285  Ribosomal protein L17,1,1.31,1.06,1.23,1.22,0.84,0.93,0.8,0.58,0.48,0.54,0.61,0.43,0.95,1.57,1.13,1.07,1.01,0.53
286,  AA041403,376522,  Human mRNA for dihydropyrimidinase related protein-3  complete cds,1,1.71,1.84,2.18,1.7,1.14,0.85,0.68,0.59,0.53,0.46,0.44,0.7,1.65,2.1,2.14,2.42,2.41,2.64
287,  AA045181,487763,  IPP isomerase,1,0.89,0.89,1.44,1.05,1.49,0.76,0.34,0.23,0.26,0.25,0.3,0.19,1.1,1.95,3.43,3.86,2.49,0.27
288,  AA045480,487908,  IPP isomerase,1,1.15,1.61,1.8,2.11,1.3,0.83,0.33,0.2,0.24,0.24,0.24,0.19,1.01,2.68,3.08,4.19,2.2,0.28
289,  AA045372,487909,  IPP isomerase,1,1.11,1.56,1.48,1.98,1.32,0.82,0.39,0.27,0.25,0.25,0.27,0.19,1.2,3.36,2.99,3.57,1.74,0.37
290,  AA039663,376386,  SID376386  EST  AA039663,1,0.94,1.04,1.48,1.66,1.24,0.8,0.52,0.33,0.42,0.44,0.53,0.54,1.24,1.86,2.82,3.25,2.43,0.5
291,  AA046719,487407,"  ""Homo sapiens insulin induced protein 1 (INSIG1) gene complete cds""",1,0.85,1.04,1.86,3.03,1.56,0.7,0.43,0.13,0.16,0.13,0.12,0.16,0.7,1.63,2.3,3.21,2.36,0.31
292,  H09359,46127,  SID46127  EST  H09359,1,0.93,2.16,2.27,0.9,1.04,0.83,0.67,0.72,0.44,0.47,0.47,0.62,2.51,1.65,1.31,1.07,0.74,0.59
293,  AA016305,361274,  EST  AA016305,1,1.23,2.58,3.15,1.37,1.5,1.44,1.38,0.67,0.7,0.64,0.59,0.99,3.08,4.71,8.34,7.11,3.16,3.4
294,  AA047080,488947,  SID488947  EST  AA047080,1,1.27,2.42,1.51,1.04,0.63,0.73,1.17,0.62,0.58,0.55,0.39,0.64,1.64,1.19,1.2,1.42,1.25,1.2
295,  AA054956,377282,  Cytochrome B561,1,1.14,1.94,1.42,1.01,1.04,0.83,0.75,0.41,0.23,0.2,0.17,0.22,1.78,0.85,1.15,0.92,0.78,0.14
296,  AA033790,429935,  Apolipoprotein D,1,1.29,1.3,1.6,1.52,1.38,1.35,1.6,0.82,0.59,0.47,0.37,0.49,1.18,1.45,1.8,2.24,1.36,0.67
297,  AA045283,487930,"  ""SID487930  Human clone 23748 mRNA complete cds""",1,1.04,0.65,0.92,1.16,0.84,0.56,0.82,2.27,1.8,1.14,0.96,0.97,1.03,0.82,0.71,0.76,0.82,1.28
298,  AA021163,363882,  EST AA021170,1,0.81,1.07,0.32,0.93,0.99,0.78,1.19,1.15,0.82,0.7,0.17,0.74,0.51,0.74,2.02,1.12,0.95,0.45
299,  W68000,343061,  SID343061  GRAVIN,1,1.34,1.01,0.64,1.76,1.64,1.71,1.81,1.53,0.95,0.84,0.7,0.47,0.95,1.12,0.9,1.93,0.92,0.88
300,  H65122,238621,  SID238621  EST  H65122,1,0.97,0.66,1.02,2.07,2.11,1.61,1.65,0.73,0.65,0.55,0.58,0.8,0.94,1.41,2.43,5.76,2.34,2.78
301,  H04812,43644,  SID43644  EST  H04812,1,1.11,1.11,0.63,1.22,0.77,0.61,0.51,0.53,1.54,2.44,3.18,2.92,0.89,0.8,1,0.9,1.16,3.33
302,  R67964,140677,  SID140677  EST  R67964,1,1.17,0.93,0.92,1,0.66,0.67,0.52,0.58,1.49,2.79,4.44,4.8,1,1.08,0.68,1.21,1.66,4.37
303,  AA009683,365627,  SID365627  EST  AA009683,1,1.11,0.77,0.93,0.85,0.81,0.56,0.57,0.72,1.4,1.57,2.2,1.7,0.99,1.01,0.55,0.71,1.06,1.69
304,  N68268,292326,  SID292326  DNA primase polypeptide 2A (58kD),1,1.02,0.67,0.56,0.84,0.5,0.41,0.46,0.58,1.18,1.49,1.4,1.21,0.9,1.03,0.67,0.96,1.07,1.44
305,  AA025540,365744,  EST  AA025540,1,1.07,0.94,0.72,0.91,0.62,0.44,0.55,0.58,0.85,1.15,1.37,1.45,0.76,0.94,0.54,0.59,0.92,0.97
306,  N93426,307225,  Lamin B receptor,1,0.88,0.83,0.77,0.87,0.62,0.44,0.45,0.46,1.04,0.91,1.51,2.29,0.94,0.79,0.48,0.61,1.05,1.36
307,  N54485,245209,  SID245209  EST  N54485,1,1.14,0.64,0.82,1.19,0.68,0.75,0.68,0.87,1.26,1.51,1.8,3.54,0.93,0.92,0.56,0.81,1.29,2.68
308,  W90493,418097,  SID418097  Centromere protein E (312kD),1,1.13,0.93,1.1,1.46,0.63,0.76,0.77,0.65,1.91,2.61,3.02,4.88,1.04,1.1,1.73,1.19,1.18,3.28
309,  W01871,327289,"  ""Human mRNA for KIAA0175 gene complete cds""",1,1.01,0.87,1.09,1.09,0.67,0.5,0.86,0.67,1.48,2.18,2.56,3.15,1.12,0.92,0.7,1,1.32,2.59
310,  AA037511,484813,  EST  AA037511,1,0.86,0.94,1.02,1.03,0.7,0.58,0.81,0.59,1.33,1.48,1.38,2.3,0.96,0.58,0.38,0.73,0.87,1.77
311,  R43551,32790,  SID32790  DNA repair protein MSH2,1,1.37,1.25,1.28,1.66,0.65,0.78,0.68,1.69,2.47,3.63,5.03,2.91,1.42,1.19,0.94,1.39,1.15,3.84
312,  W93537,357161,"  ""SID357161  Homo sapiens mRNA for CRM1 protein complete cds""",1,1.29,1.25,0.83,1.07,0.6,0.63,0.87,1.14,1.63,2.27,2.41,1.56,1.07,1.22,0.91,0.85,0.93,1.91
313,  W93122,415068,"  ""Human mRNA for KIAA0039 gene partial cds""",1,1.43,0.76,0.95,1.04,0.82,1.42,0.61,1.23,1.59,2.61,2.6,1.91,1.25,1.49,1.23,0.94,1.35,2.38
314,  R51770,39144,  SID39144  EST  R51770,1,0.96,0.65,0.91,1.01,0.99,0.84,0.66,1.05,1.76,1.57,1.98,1.25,1.05,0.99,0.9,1.02,1.09,1.53
315,  AA057170,472185,  EST  AA057170,1,1.51,1.07,1.3,0.6,0.24,0.18,0.27,0.61,1.17,1.07,0.97,0.98,1.56,1.93,2.05,2.28,2.2,1.45
316,  AA045331,487134,  ADP-ribosylation factor 4-like,1,0.93,0.92,0.67,0.77,0.3,0.38,0.27,0.43,0.83,0.83,0.9,0.89,0.81,1,0.89,1.06,1.41,1.1
317,  AA034524,471393,  SID471393  EST  AA034524,1,0.76,1.14,0.88,0.82,0.38,0.33,0.49,0.54,1,1.22,1.28,1.15,0.89,1.23,0.77,0.68,0.87,0.82
318,  AA035263,471429,"  ""SID471429  ESTs Moderately similar to putative transcription factor CA150 [H.sapiens]""",1,0.85,0.77,0.76,0.63,0.31,0.42,0.62,0.73,1.11,0.99,1.17,1.63,1.02,0.89,0.71,0.74,1.38,2.25
319,  N89934,302922,"  ""SID302922  Human mRNA for KIAA0159 gene complete cds""",1,1.41,1.35,1.41,1.12,0.8,0.49,0.4,0.62,0.87,1.53,2.46,1.81,1.43,1.33,0.96,1.04,1.28,2.44
320,  AA029677,366671,  Proliferating cell nuclear antigen,1,1.21,0.86,0.89,1.04,0.65,0.66,0.7,1.2,2.53,2.95,2.48,3.51,0.86,1.1,0.86,0.9,1.58,2.63
321,  W73785,344109,  Proliferating cell nuclear antigen,1,1.21,0.8,0.96,1.1,0.74,0.57,0.72,1.08,2.77,3.34,1.41,3.58,1.06,0.94,0.74,1,1.81,2.63
322,  N55327,245840,"  ""SID245840  Homo sapiens geminin mRNA complete cds""",1,1.15,0.5,0.68,0.79,0.64,0.71,0.63,1.45,1.72,2.78,2.36,3.6,0.98,0.83,0.75,0.9,1.11,2.19
323,  W79392,346952,  EST  W79392,1,0.92,0.78,0.72,0.57,0.4,0.39,0.75,1.53,2.38,2.96,3.46,1.55,0.91,0.74,0.44,0.58,0.82,1.57
324,  W72759,346135,  DNA topoisomerase II alpha,1,1.54,1.57,1.11,1.14,0.71,1.08,0.99,1.19,2.33,4.85,7.36,4.31,1.62,1.94,1.54,1.45,1.37,5.9
325,  N53767,248032,  DNA topoisomerase II alpha subunit,1,1.33,1.65,1.21,1.39,0.66,0.78,0.87,0.86,2.45,4.78,8.83,6.05,1.74,1.4,1.09,1.26,1.38,7.74
326,  T52152,71902,  EST  T52152,1,1.21,1.59,1.44,1.06,0.83,0.97,0.71,0.73,1.98,2.94,6.49,5.55,1.98,1.26,1.1,1.22,1.2,5.64
327,  R40626,28051,  EST  R40626,1,1.3,2.21,1.81,1.34,0.96,0.97,0.62,0.84,2.64,4.49,8.08,7.94,2.12,1.65,1.43,1.57,1.34,8.32
328,  R10992,129140,  Mitotic feedback control protein Madp2 homolog,1,1.11,1.18,1.07,1,0.77,0.8,0.65,0.92,3.09,5.73,8.84,7.9,1.06,0.98,0.51,1.02,1.21,6.5
329,  H68298,212374,  SID212374  EST  H68298,1,1.24,1.45,1.39,1.22,0.91,1.22,0.94,1.04,2.55,4.22,6.98,6.38,1.56,1.36,1.38,1.17,1.52,7.46
330,  AA004517,428502,"  ""ESTsHighly  similar to UBIQUITIN-CONJUGATING ENZYME E2-17 KD [Drosophila melanogaster]""",1,0.9,0.68,0.85,1.24,0.64,0.57,0.75,1.06,2.34,2.93,3.44,3.88,0.85,0.83,0.35,0.7,1.25,2.88
331,  T48153,72199,  CENP-F kinetochore protein,1,1.08,0.81,1.07,1.01,0.77,0.77,1.08,1.19,1.37,2.77,4.5,4.05,1.15,1.18,1.46,1.97,1.17,4.24
332,  N93479,307333,  RIBONUCLEOSIDE-DIPHOSPHATE REDUCTASE M1 CHAIN,1,1.06,0.99,1.05,1.26,1.05,1,1.01,1.41,3.14,4.23,5.23,5.69,1.18,1.03,0.67,1.27,1.47,4.17
333,  AA001916,427857,  Cyclin A,1,1.41,1.46,0.97,1.63,0.97,0.98,0.92,1.55,2.98,4.4,5.84,4.73,1.14,1.33,0.85,0.8,0.97,3.92
334,  R43728,32811,  Cyclin A,1,1.3,1.46,1.23,0.83,0.99,0.96,0.93,1.36,3.25,5.15,9.73,4.41,1.37,1.25,0.9,1.04,1.3,5.3
335,  H29274,49950,  SID49950  FLAP ENDONUCLEASE-1,1,0.82,1.01,0.98,0.87,0.93,0.96,1.08,1.67,3.42,5.71,6.62,4.34,1.18,0.92,0.61,0.84,1.19,4.17
336,  W86618,416715,  alpha importin,1,1.06,0.77,0.94,0.79,0.75,0.66,0.55,0.44,1.47,2.03,4.32,3.56,1.02,0.94,0.82,1.25,1.04,3.51
337,  AA041468,485664,"  ""Human mRNA for KIAA0069 gene partial cds""",1,0.84,0.69,0.93,1.09,0.9,0.9,1.01,0.73,1.29,2.19,3.8,3.53,1,0.92,0.93,1.5,1.48,3.15
338,  AA053076,510231,  SID510231  Ribonucleotide reductase M2 polypeptide,1,1.35,0.99,1.01,1.28,1.49,1.34,0.86,1.27,3.22,4.46,6.14,7.76,1.09,0.99,0.85,1.28,1.3,6.33
339,  W74500,346534,"  ""Cell division cycle 2 G1 to S and G2 to M""",1,1.42,1.59,1.17,1.35,1.72,1.26,1.03,1.02,2.1,4.5,7.48,5.29,1.49,1.28,1.73,1.47,1.18,5.91
340,  H94471,243159,"  ""Human occludin mRNA complete cds""",1,1.06,0.95,1.02,1.01,0.82,0.84,0.85,0.71,1.62,2.25,4.32,3.25,0.97,1.02,0.79,0.94,1.71,3.73
341,  AA010065,359119,  CDC28 protein kinase 2,1,1.37,1.02,1.41,1.15,1.15,1.07,1.06,0.87,1.92,3.09,4.62,4.91,1.16,1.32,1.76,1.75,1.57,4.76
342,  N90191,302490,  Cyclin B1,1,1.2,1.2,1.25,1.09,0.84,1.23,1.29,1.19,1.65,2.35,5.16,10.14,1.2,1.23,1.08,1.5,1.14,7.39
343,  R39436,23605,  UDP-GLUCURONOSYLTRANSFERASE 2B7 PRECURSOR  MICROSOMAL,1,1.14,2.09,1.91,1.12,1.27,1.35,0.91,0.87,1.65,2.55,4.63,7.03,1.68,1.43,1.39,1.2,1.08,6.23
344,  AA004917,428248,  Activating transcription factor 3 (ATF3),1,1.11,3.53,3.46,4.59,1.71,0.78,0.55,0.54,0.87,1,0.85,0.73,3.36,7.91,8,15.16,8.67,4.23
345,  AA041370,376394,"  ""SID376394  Protein phosphatase 4 (formerly X) catalytic subunit""",1,2.58,3.06,3.71,3.67,2.43,1.16,0.87,0.62,0.85,1.08,1.05,1.68,2.48,4.19,5,5.52,6.94,4.11
346,  AA058863,381836,  SID381836 EST,1,2.41,4.84,5.49,1.01,0.69,0.49,0.52,0.46,0.82,0.77,0.9,1.02,5.59,11.29,14.99,16.22,7.21,4.75
347,  T95837,120386,  SID120386  EST  T95837,1,0.73,3.08,3.55,1.02,1.26,1.19,0.95,1.17,0.76,0.93,0.78,0.8,2.58,1.9,1.38,1.73,0.89,0.88
348,  R20750,26474,  P55-C-FOS PROTO-ONCOGENE PROTEIN,1,2.67,8.14,12.69,1.5,1.58,1.72,1.23,0.77,1.14,0.99,0.89,1.08,9.69,16.6,21.59,23.85,18.18,9.98
349,  H27557,162772,  Early growth response protein 1,1,1.47,4.14,5.4,1,2.56,1.04,0.67,0.97,0.59,1.12,1.16,1.05,3.02,4.57,5.13,6.98,7.64,3.89
350,  N22386,254436,  SID254436  IMMEDIATE-EARLY RESPONSE PROTEIN NOT,1,1.01,4.73,10.62,3,3.62,1.61,1.06,0.86,1.67,1.53,0.8,0.85,4.64,6.51,9.3,11.52,0.74,0.66
351,  T70079,80971,  Macrophage inflammatory protein-2-alpha precursor (MIP-2 alpha),1,1.5,1.51,2.48,1.68,5.97,2.33,2.12,1.91,1.3,0.97,0.94,0.99,1.88,2.37,4.72,10.22,3.9,3.26
352,  R40776,27899,"  ""Human Gem GTPase (gem) mRNA complete cds""",1,0.59,1.01,2.22,1.71,3.33,1.65,0.78,0.44,0.9,0.67,0.73,0.7,0.98,1.45,2.29,6.25,3.03,1.88
353,  R16980,129778,"  ""SID129778  Transferrin receptor (p90 CD71)""",1,0.69,0.77,0.93,2.45,3.86,3.1,2.1,0.55,0.68,0.64,0.81,0.75,0.73,0.54,0.3,0.42,0.37,0.35
354,  AA045438,487872,  EST AA688119,1,1.05,0.63,1.92,1.32,3.5,3.11,2.14,0.99,1.13,1.13,0.95,1.07,1.14,1.58,2.52,4.17,1.02,1.47
355,  T50056,70167,  EST  T50056,1,0.75,0.53,1.37,2.74,2.81,1.66,1.96,1.18,1.03,0.91,0.85,1.12,1.23,1.44,2.5,8.11,1.66,1.98
356,  W72836,344804,  Protein-tyrosine-phosphatase (tissue type: foreskin),1,1.29,1.05,0.73,0.72,5.63,3.5,1.94,0.94,1.33,1.69,1.88,1.07,1.44,1.42,1.21,1.5,3.14,6.56
357,  AA053239,510136,  PUTATIVE DNA BINDING PROTEIN A20,1,0.95,0.91,1.01,1.07,6.95,2.54,1.47,1.46,1.39,1.13,1.26,0.81,1.03,2.89,9.72,18.4,5.45,8.98
358,  R39209,23464,  HUMAN IMMUNODEFICIENCY VIRUS TYPE I ENHANCER-BINDING PROTEIN 2,1,0.69,0.83,0.48,1.35,3.17,3.24,2.86,1.56,1.16,1.15,0.92,1.17,1.29,1.11,2.81,8.52,1.8,1.98
359,  AA024572,364959,  SID364959  Hexosaminidase B (beta polypeptide),1,1.05,1.41,0.94,1.01,2.96,3.27,2.91,1.82,0.94,0.71,0.64,1.64,1.4,1.11,1.35,2.23,1.93,2.64
360,  T77817,108837,"  ""Small inducible cytokine A2 (monocyte chemotactic protein 1 homologous to mouse Sig-je)""",1,1.19,1.76,1.72,1.53,4.79,6.12,3.42,2.25,1.58,0.88,0.82,2.2,1.46,1.37,1.51,4.31,3.15,5.03
361,  AA004694,428844,"  ""SID428844  Human mRNA for KIAA0157 gene partial cds""",1,0.95,1.47,1.91,1.21,2.59,7.23,4.63,1.79,1.29,1.22,0.85,1.6,1.42,1.41,2.42,3.52,1.02,2.17
362,  W47101,324655,"  ""Interleukin 1 beta""",1,1.17,1.47,1.31,1.17,3.12,8.91,7.43,1.21,0.97,0.78,0.73,0.82,0.97,1.4,1.75,1.98,1.71,2.58
363,  W45324,328692,  Interleukin 8,1,2.67,2.41,3.75,6.18,38.8,86.92,25.58,14.81,6.73,2.72,2.42,1.44,2.86,6.02,19.14,54.37,15.39,28.95
364,  R26543,132420,  ETS-2,1,0.83,1.67,2.7,1.55,5.06,3.1,2.36,1.72,1.6,1.41,1.77,2.06,1.61,2.44,3.89,10.3,4.04,5.17
365,  H52671,235936,  ETS-2,1,1.07,1.46,1.64,1.51,5.17,3.02,2.18,1.55,0.82,0.89,0.85,1.03,1.9,1.84,4.28,5.9,1.37,3.29
366,  N93284,308793,  EST W25116,1,1.19,0.82,1.4,2.33,3.4,2.66,2.23,1.38,0.96,1.12,1.15,2.09,1.15,1.65,3.09,6.63,1.78,2.93
367,  W74492,346510,"  ""SID346510  Homo sapiens hCPE-R mRNA for CPE-receptor complete cds""",1,0.71,0.87,0.79,1.71,4.34,3.1,2.81,1.19,1.11,1.11,1.16,1.21,0.82,1.16,1.06,1.09,0.98,0.87
368,  AA057727,510550,  EST AA053251,1,0.61,1.25,1.13,3.09,4.11,5.69,6.03,2.7,1.6,1.49,1.14,1.18,0.67,1.13,2.96,5.85,1.31,0.89
369,  AA053251,510165,  EST  AA053251,1,0.9,0.73,1.35,1.65,7.93,5.7,4.59,1.92,1.59,1.13,1.03,1.07,0.97,1.2,2.08,5.41,1.13,1.1
370,  AA045836,488697,  Vascular endothelial growth factor,1,0.81,0.5,1.29,2.04,4.52,3.38,3.51,1.38,0.87,0.69,0.71,0.98,0.85,0.86,0.81,1.89,0.96,1.11
371,  H11257,47424,  SID47424  EST  H11257,1,1.11,0.88,1.79,1.47,1.87,3,4.03,2.31,1.01,0.68,0.7,1.66,1.54,2.5,4.55,6.34,2.59,2.65
372,  AA039310,485171,  S-ADENOSYLMETHIONINE SYNTHETASE GAMMA FORM,1,1.06,1.56,1.05,1.55,2.18,2.84,2.98,1.77,1.28,0.9,0.6,1.13,1.33,1.11,1.25,1.13,0.7,0.86
373,  H26271,162077,  SID162077  EST  H26271,1,0.81,0.94,1.07,0.82,4.51,3.6,2.62,1.97,1.09,1.69,1.68,1.25,1.15,1.71,2.5,3.23,1.66,3
374,  H24396,52519,  SID52519  EST  H24396,1,0.84,0.92,0.96,0.89,3.44,3.24,2.44,1.51,1.59,1.44,1.75,1.09,0.88,0.98,0.8,1.24,1,1.77
375,  AA057068,489036,  Thrombomodulin,1,0.71,0.9,1.06,0.84,4.89,6.63,5.37,1.09,0.95,1.55,2.21,1.42,0.84,1.07,1.57,1,1.15,1.34
376,  H96519,251469,"  ""Bone morphogenetic protein receptortype II (serine/threonine kinase)""",1,0.77,0.78,0.79,0.78,2.71,2.03,1.92,1.73,0.86,0.91,0.7,1.01,1.09,0.98,1.22,1.28,0.81,0.8
377,  T48819,70288,  EST  T48819,1,0.6,1.08,0.74,0.76,2.23,2.84,3.12,1.41,0.68,1.26,0.85,1.06,0.91,0.85,1.44,1.46,0.69,0.97
378,  R48580,153589,  Stanniocalcin precursor,1,0.57,0.71,0.98,1,3.16,6.78,7.18,2.38,0.81,0.94,0.87,1.33,0.83,0.71,2.4,2.89,0.73,2.03
379,  AA007419,429349,"  ""Human RGP4 mRNA complete cds""",1,1.11,0.68,0.97,1.02,3.35,7.25,8.18,3.13,1.96,2.28,1.58,1,1.06,1.52,1.57,2.12,1.04,4.7
380,  R78403,145409,"  ""Fc fragment of IgG low affinity Iiareceptor for (CD32)""",1,1.19,1.27,1.23,0.99,2.19,2.07,2.75,3.39,1.57,1.46,1.29,0.66,0.71,1.08,2.33,2.34,0.73,0.63
381,  W51763,324457,  EST  W51763,1,1.1,1.36,1.53,0.77,2.48,2.31,2.12,2.28,1.44,1.07,1.1,1.02,2.16,1.65,1.79,1.62,1.05,1.53
382,  T62835,86017,"  ""Intercellular adhesion molecule 1 (CD54) (ICAM1)""",1,0.73,1.81,1.41,1.1,3.02,2.87,2.47,2.2,1.1,1.06,0.95,0.92,1.36,1.48,2.1,4.34,2.83,2.42
383,  H02832,151478,  EST  H02832,1,0.69,0.87,1.18,0.66,2.04,1.94,2.29,1.48,0.9,1.28,1.34,1.12,0.92,1.05,1.31,0.99,1.89,1.53
384,  R59865,42464,  Protein-tyrosine-phosphatase (tissue type: foreskin),1,1.12,1.37,1.33,0.93,3.55,3.13,2.27,2.28,1.56,2.34,2.14,1.46,1.5,1.64,1.45,1.88,3.16,4.41
385,  AA037156,325808,  ESTs  Highly  similar to GRPE PROTEIN HOMOLOG PRECURSOR [Drosophila melanogaster],1,1.05,1.22,1.2,0.81,2.3,2.59,2.61,1.92,1.81,1.51,1.84,1.63,1.3,1.31,1.09,0.95,0.97,1.57
386,  N79533,301487,"  ""SID301487  Homo sapiens mRNA for DEC1 complete cds""",1,0.98,1.25,1.2,0.78,2.56,2.83,3.57,3.47,1.88,1.71,1.33,1.35,1.19,1.21,2.1,2.15,1.17,1.48
387,  AA009609,365515,  Fibroblast growth factor 7 (keratinocyte growth factor),1,1.09,1.13,1.49,1.6,3.28,4.3,4.01,2.47,2.36,1.99,1.76,1.5,1.21,1.35,1.03,1.2,1.29,2.6
388,  W52295,325559,  Fibroblast growth factor 2 (basic),1,1.26,1.3,1.49,1.13,4.49,3.94,2.82,1.55,1.81,1.55,1.47,0.92,1.74,1.32,1.65,2.3,1.32,1.12
389,  W44678,323776,  Fibroblast growth factor 2 (basic),1,1.2,1.25,1.11,1.64,4.33,4.53,2.9,2.13,2,1.69,1.64,0.92,1.38,1.21,1.38,2.31,1.28,1.43
390,  H02191,150692,  SID150692  EST  H02191,1,0.6,2.3,2.18,0.71,1.33,0.97,1.48,2.03,1.04,1.54,1.5,0.51,1.83,1.78,1.37,1.29,0.99,0.77
391,  T40595,60664,  SID60664  EST  T40595,1,0.82,1.05,1.76,0.82,1.64,1.2,0.75,1.16,1.24,1.88,1.99,0.9,1.82,1.22,1.68,1.75,1.09,1.14
392,  T89996,110503,  FOS-RELATED ANTIGEN 1,1,0.7,1.97,3.37,2.22,2.9,2.14,1.76,2.14,1.58,2.79,3.62,1.75,2.07,2.88,4.53,5.23,3.96,4.79
393,  T79471,114116,"  ""Paired basic amino acid cleaving enzyme (furin membrane associated receptor protein)""",1,0.76,2.11,2.01,1.3,1.92,1.75,1.96,2.73,2.49,2.83,3.13,0.73,1.51,1.56,1.72,2.24,1.34,1.17
394,  AA053556,510228,  Antigen identified by monoclonal antibody Ki-67,1,1.17,1.22,0.73,0.85,1.11,1.42,1.9,1.66,1.63,2.45,4.04,4.79,2.44,1.5,1.79,1.33,0.88,4.82
395,  AA057638,512247,"  ""SID512247  Enolase 1 (alpha)""",1,0.86,0.69,0.62,1.02,0.97,1.11,1.13,1.24,1.8,1.95,2.69,2.83,0.83,0.73,0.68,0.75,1.36,2.02
396,  AA056414,489127,  SID489127  Stromal cell-derived factor 1,1,1.07,0.65,0.97,1.18,1.37,1.39,1.92,3.04,3.44,4.53,6.13,2.71,1.03,0.88,1.15,1.08,0.95,2.62
397,  H23544,51894,  SID51894 GTP binding nuclear protein RAN,1,1.07,1,1.11,0.93,1.28,1.52,1.45,1.5,1.82,2.66,3.84,1.78,1.03,0.93,0.82,0.91,1.13,1.98
398,  N22383,254428,"  ""SID254428  Integrin alpha 6""",1,0.71,0.85,0.89,1.15,0.97,1.07,1.75,1.69,2.53,3.89,5.84,2.87,0.97,0.74,0.32,0.73,1.31,2.27
399,  AA056583,489175,"  ""SID489175  Acid phosphatase 1 soluble""",1,1.16,1.49,1.4,1.41,1.4,1.86,2.26,3.27,4.06,4.43,4.7,2.68,1.15,1.58,1.07,1.13,1.22,2.75
400,  AA031961,470621,  Cyclin-dependent kinase 7 (homolog of Xenopus MO15 cdk-activating kinase),1,1.24,0.92,1,1.39,1.49,1.12,1.56,1.97,3.24,2.68,3.19,1.48,1.23,1.11,1.21,1.88,1.99,2.13
401,  AA031267,470455,"  ""SID470455  ESTsHighly  similar to HYPOTHETICAL 52.9 KD PROTEIN IN SAP155-YMR31 INTERGENIC REGION [Saccharomyces cerevisiae]""",1,0.99,0.71,0.77,0.98,1.26,1.02,1.32,1.95,3.3,2.95,3.26,2,1,0.85,0.94,1.04,2.34,2.46
402,  AA028950,469990,  SID469990  Adenine nucleotide translocator 2 (fibroblast),1,1.11,0.72,0.86,1.08,1.1,1.12,1.55,1.39,2.07,2.24,2.71,3.2,0.87,0.84,0.71,0.8,1.41,2.23
403,  N91825,306539,  SID306539  RAN binding protein 1,1,0.95,0.8,0.95,0.88,1.1,1.24,1.68,1.7,2.36,2.56,2.44,3.02,1.02,1.05,1.25,0.9,1.13,2.04
404,  AA056621,509631,  SID509631  FK506-binding protein 1 (12kD),1,0.97,0.66,0.71,1.08,1.07,1.25,1.7,1.7,2.04,2.09,2.56,1.63,0.83,0.78,0.72,0.73,1.34,1.16
405,  AA056338,509602,  Homo sapiens mRNA for nucleolar protein hNop56,1,0.87,0.56,0.7,1.38,1.55,1.78,1.94,2.95,2.68,2.58,2.67,3.05,0.82,0.77,0.58,0.74,1.55,2.11
406,  N71362,294134,"  ""SID294134  Homo sapiens brain expressed ring finger protein mRNA complete cds""",1,0.93,0.69,1.1,1.32,1.08,1.3,1.96,2.36,2.11,2.71,2.88,2.83,0.95,1.25,2.5,4.37,2.52,4.13
407,  AA052965,509962,  HEAT SHOCK COGNATE 71 KD PROTEIN,1,0.91,0.66,0.78,0.83,1.24,1.82,1.31,1.55,2.52,2.13,2.08,2.43,0.91,0.78,0.67,0.82,0.95,0.96
408,  AA055578,510332,"  ""SID510332  Human cytoskeleton associated protein (CG22) mRNA complete cds""",1,1.14,2.92,2.75,1.11,1.31,2.18,2.69,3.37,1.87,3.57,4.01,8.38,1.57,3,2.09,1.18,1.4,5.62
409,  AA043796,487172,  N-ACETYLLACTOSAMINE SYNTHASE,1,0.32,0.68,0.77,1.38,2.09,1.79,2.39,2.29,1.49,1.7,1.5,0.69,0.84,0.67,0.99,2.23,1.03,0.96
410,  T54874,73878,  SID73878  EST  T54874,1,0.81,0.55,0.73,1.17,1.7,1.72,2.5,2.4,1.09,1.42,1.03,1.6,0.94,0.87,0.8,1.46,0.97,0.96
411,  R16047,53069,"  ""Human G2 protein mRNA partial cds""",1,0.91,0.64,0.81,0.83,1.18,2.11,3.33,3.68,2.71,2.4,2.27,2.19,1.13,0.82,1.13,1.44,0.84,0.8
412,  W46577,324122,  Endothelial Cell-specific Molecule ESM-1,1,0.44,0.75,0.8,0.72,1.51,3.27,5.54,4.37,2.42,3.97,3.26,2.38,0.95,0.96,1.83,0.93,1,2.44
413,  AA056401,509525,  SID509525  DESMOPLAKIN I AND II,1,0.44,0.49,0.61,0.98,1.05,1.39,2.18,2.42,1.91,2.33,1.65,1.06,0.74,0.66,0.64,1.37,0.95,0.79
414,  N63308,278993,"  ""ESTs Highly  similar to OPIOID BINDING PROTEIN/CELL ADHESION MOLECULE PRECURSOR [Bos taurus]""",1,1.19,0.92,0.68,1.15,0.97,1.95,2.81,2.99,2.35,2.25,2.07,1.31,1,1.22,1.83,0.78,0.87,1.39
415,  AA037351,321203,  EST  AA037351,1,0.74,0.62,0.86,1.12,1.08,1.65,2.98,2.99,2.26,2.21,1.8,1.59,0.82,0.8,0.92,0.84,1.1,1.34
416,  N40987,279847,  EST  N40987,1,0.79,1.02,1.09,0.66,0.88,1.31,2.61,4.2,2.29,1.76,1.39,0.7,1.24,1.23,0.89,0.77,0.77,0.65
417,  AA057780,377004,  SID377004  EST  AA057780,1,0.44,0.52,0.53,0.34,0.62,0.58,0.7,1.08,0.89,0.79,0.78,0.46,0.58,0.45,0.49,0.41,0.39,0.42
418,  AA020014,363599,  SID363599  EST  AA020014,1,0.88,1.05,1.09,0.72,1.07,0.88,0.99,1.54,1.9,1.83,1.71,1.29,1.36,0.89,1.06,1.33,0.79,1.67
419,  R99596,201350,  SID201350  EST  R99596,1,0.7,1.2,1.15,0.68,1.03,1.22,1.98,2.16,2.14,2.01,2.4,1.44,1.03,0.92,0.73,0.79,1.2,1.27
420,  R39465,23933,  Eukaryotic translation initiation factor 4A (eIF-4A) isoform 1,1,1,1.94,1.62,1.08,1.61,1.72,1.56,1.62,1.89,1.95,2.35,2.44,1.38,1.14,1.02,1.34,1.34,2.23
421,  AA029292,470101,  SID470101  Oxytocin receptor,1,0.74,1.1,0.43,0.77,0.85,0.75,1.06,1.96,1.64,1.54,1.37,1.32,0.73,1.17,0.75,0.72,1.24,1.6
422,  N74406,296240,"  ""SID296240  ESTs Highly  similar to HYPOTHETICAL 14.6 KD PROTEIN IN REC104-SOL3 INTERGENIC REGION [Saccharomyces cerevisiae]""",1,1.23,1.02,1.31,1.32,1.61,1.58,1.36,1.48,1.65,2.33,3.1,1.14,1.29,1.28,1.57,2.02,1.48,1.57
423,  AA052986,509983,"  ""SID509983  Human nucleolar protein p40 mRNA complete cds""",1,0.98,0.53,0.76,0.98,1.88,1.37,1.23,1.27,2.17,2.92,2.2,1.34,0.87,1.17,1.23,0.68,1.19,1.11
424,  R78226,145292,"  ""SID145292  Collagen type IV alpha 1""",1,0.9,0.57,0.68,0.84,1.48,1.65,1.94,2.58,2.23,1.87,1.52,0.64,0.78,0.79,0.93,1.42,0.82,0.59
425,  H01822,150043,  EST  H01822,1,1.05,0.86,0.65,0.99,3.08,4.27,7.53,4.93,3.75,3.02,2.48,1.31,0.91,0.71,1.56,2.2,0.81,1.32
426,  AA044617,486753,  EST  AA044617,1,0.61,0.48,0.65,0.67,1.29,1.3,2.36,2.09,1.14,1.51,1.74,0.69,0.56,0.66,0.74,0.66,0.76,0.86
427,  N32784,259642,  SID259642  GTP cyclohydrolase 1 (dopa-responsive dystonia) {alternative products},1,1.12,1.32,1.11,0.75,2.01,3.27,3.95,3.86,3,2.75,2.39,0.49,1.29,0.89,1.05,0.93,0.62,0.41
428,  AA043969,487021,"  ""Tissue inhibitor of metalloproteinase 3 (Sorsby fundus dystrophy pseudoinflammatory)""",1,1.02,1.05,1.02,1.12,2.2,3.42,3.81,3.53,2.89,3.3,3.37,0.64,1.14,0.89,0.91,0.98,0.75,0.67
429,  AA026141,469303,"  ""Human Gu protein mRNA partial cds""",1,0.7,1.01,1.14,1.26,2.21,2.87,2.98,2.32,1.71,1.52,1.25,2.09,0.86,1.13,0.85,1.21,1.47,1.86
430,  H72904,214107,  AMINOPEPTIDASE N,1,0.81,1.13,1.18,1.11,2.23,2.24,2.37,2.35,1.95,1.63,1.66,1.73,1.19,0.85,1.2,0.95,0.78,1.42
431,  W74639,346664,  EST  W74639,1,0.83,1.05,0.99,1.04,1.64,1.92,1.75,1.98,1.68,1.31,1.32,1.32,1.01,1.11,1.46,1.24,1.03,2.24
432,  N49296,243599,"  ""PEPTIDYL-PROLYL CIS-TRANS ISOMERASE MITOCHONDRIAL PRECURSOR""",1,0.89,0.81,0.87,1.47,1.96,2.08,2.45,2.45,1.78,1.6,1.54,1.67,0.96,1.24,1.4,1.96,1.94,2.57
433,  W44416,323644,  CTP synthetase,1,0.9,0.88,0.94,1.59,2.42,2.8,3.01,2.47,2.2,2.19,1.55,1.65,0.85,1.01,1.53,4.12,0.87,1.57
434,  AA053331,488118,  EST AA054706,1,0.67,0.9,0.99,0.99,2.4,2.72,3.89,3.16,1.73,1.59,1.24,1.7,1.08,0.82,0.71,0.74,0.73,1.13
435,  N47476,280768,  TUMOR-ASSOCIATED ANTIGEN L6,1,0.9,1.08,1.28,2.58,5.03,6.26,9.22,8.54,2.74,2.47,2.88,3.37,1.54,3.64,4.63,9.97,1.11,2.7
436,  AA045473,487887,  Homo sapiens lysosomal neuraminidase precursor  mRNA  complete cds,1,1.13,1.01,0.99,1.98,2.94,3.51,3.97,3.54,2.93,2.4,2.19,2.85,1.3,1.02,1.95,4.27,1.15,3.78
437,  AA054706,488119,  Homo sapiens clone 24589 mRNA sequence,1,0.83,0.7,0.73,0.74,2.27,2.55,2.8,2.85,2.01,1.52,1.4,1.98,0.99,0.65,0.44,0.73,0.62,1.08
438,  R53619,154211,  EST  R53619,1,1.27,0.63,0.88,0.84,2.71,3.75,4.97,4.91,2.77,2.51,2.29,2.78,1.1,1.08,0.94,1.69,1.44,3.3
439,  AA058543,488223,"  ""SID488223  Homo sapiens down syndrome candiate region 1 (DSCR1) gene alternative exon 1 complete cds""",1,0.78,0.66,0.77,1.06,1.74,3.75,5.36,4.63,2.13,2.44,1.93,1.94,1.04,0.71,0.88,0.99,1.27,2.17
440,  N67200,286249,  Vimentin,1,0.92,0.97,0.9,0.83,1.9,3.75,4.97,4.33,2.32,2.21,1.88,2.25,1.15,0.89,0.63,0.8,1.07,2.36
441,  W86798,416842,  EST  W86798,1,1.14,0.96,0.98,1.49,3.18,5.41,9.55,8.05,4.48,3.02,2.1,3.66,1.09,1.04,1.11,5.26,1.06,2.9
442,  AA032091,470934,"  ""Plasminogen activator inhibitor-2 placental""",1,0.88,0.91,1.27,1.4,4.48,17.43,16.41,9.5,7.37,4.45,3.97,3.15,0.84,1.37,1.34,2.71,3.39,7.3
443,  AA045437,487863,"  ""Human transglutaminase mRNA 3' untranslated region""",1,0.8,0.58,0.44,0.57,0.9,0.94,1.5,1.39,1.27,1.82,1.75,0.94,0.86,0.74,0.97,0.6,0.84,0.9
444,  N73309,292082,"  ""ESTs Highly  similar to TRANSLOCON-ASSOCIATED PROTEIN GAMMA SUBUNIT [Rattus norvegicus]""",1,1.34,0.99,0.8,1.26,1.12,1.56,2.06,2.44,2.49,2.63,2.31,1.46,0.98,1.13,0.94,0.85,1.02,1.46
445,  N93476,307325,  Endothelial differentiation protein (edg-1),1,0.92,0.93,0.74,0.74,1.17,1.63,2.56,3.2,3.57,3.77,4.18,1.85,1.02,1.37,1.18,1.6,1.28,2.36
446,  W84538,356635,  Stromal cell-derived factor 1,1,1.32,1.06,0.81,1.72,3.62,4.13,4.96,5.56,6.84,6.18,5.31,3.87,0.92,1.14,0.93,0.98,0.94,1.56
447,  H72723,232772,  Human metallothionein I-B gene,1,0.56,0.76,0.62,0.91,1.91,2.16,3.74,2.6,4.84,4.79,4.52,3.81,0.74,1.06,1.43,1.18,1.2,3.1
448,  W19191,310739,"  ""Human elastin gene partial cds and partial 3'UTR""",1,0.7,0.81,0.89,1.57,1.94,1.82,2.46,2.36,2.74,2.62,2.23,1.39,0.67,0.85,1.02,0.83,0.62,1.35
449,  N98463,310449,"  ""Homo sapiens lysyl hydroxylase isoform 2 (PLOD2) mRNA complete cds""",1,0.92,0.98,1.03,1.38,1.82,1.96,2.06,2.17,3.19,3.36,3.42,1.42,1,1.05,1.16,1.74,1.1,1.57
450,  AA046701,487373,  ATP SYNTHASE LIPID-BINDING PROTEIN P1 PRECURSOR,1,1.15,0.93,1.17,1.78,2.18,1.96,2.01,3.03,3.35,2.53,2.59,1.17,1.24,1.46,2.44,3.56,2.22,1.49
451,  AA053259,510189,  SID510189  HEAT SHOCK PROTEIN HSP 90-ALPHA,1,0.93,0.61,0.79,0.91,1.06,1.38,1.78,1.89,1.75,1.49,1.45,1.82,0.84,0.7,0.76,0.59,0.95,1.29
452,  AA044444,486487,"  ""Phosphofructokinase platelet""",1,0.73,0.7,0.73,1.04,1.31,1.24,1.61,1.87,1.69,1.78,2.01,2.23,0.86,0.7,0.81,1.02,1.2,1.8
453,  AA039313,485184,"  ""Human leukemia virus receptor 1 (GLVR1) mRNA complete cds""",1,0.95,0.71,0.97,1.21,2.09,1.98,2.33,2.08,1.78,2.1,2.37,1.96,1.09,0.86,1.13,1.07,0.97,2.06
454,  AA037369,484873,  Cytochrome c-1,1,0.95,0.81,0.97,1.4,1.31,1.36,2,1.97,2.09,2.09,2.22,1.76,0.94,1.15,1.27,1.58,1.76,1.57
455,  W73776,344083,  SID344083  EST  W73776,1,0.89,0.78,1.02,1,1.59,1.75,2.33,2.43,2.26,2.38,2.45,1.78,0.93,0.88,0.91,1.23,1.41,1.48
456,  N80129,297392,  Metallothionein 1L,1,0.76,0.76,0.89,1.1,1.77,2.36,3.43,3,4.49,3.69,3.21,2.89,0.73,0.86,1.12,1.24,0.92,3.03
457,  AA037443,484963,  Metallothionein from cadmium-treated cells,1,1.21,1.16,1.32,1.46,2.4,3.43,4.29,3.97,4.93,3.55,2.96,2.63,0.81,0.97,1.28,1.65,0.93,2.94
458,  N35315,271976,  Prothymosin alpha,1,1.16,2.28,2.27,1.09,2.81,3.16,3.66,4.36,2.8,3.12,2.54,2.26,2.34,1.5,1.71,1.26,0.85,2.12
459,  T89175,110022,  Cyclin D1 (PRAD1; parathyroid adenomatosis 1),1,0.96,1.27,0.97,1.19,1.46,1.76,1.94,2.4,2.31,1.81,1.53,1.34,1.34,0.95,1.42,1.14,0.79,1.19
460,  N23200,266995,  SID266995  EST  N23200,1,0.85,1.12,1.1,0.75,1.12,1.55,1.65,2.29,1.61,1.48,1.49,1.09,1.15,1.07,1.08,0.71,0.79,1.2
461,  H85111,220183,  SID220183  EST  H85111,1,0.74,1.24,1.15,0.72,1.5,1.65,1.63,2.23,1.88,1.65,1.65,1.23,1.02,1.05,1.17,1.03,0.71,1.02
462,  H73480,232896,  EST  H73480,1,0.73,0.95,0.93,0.89,1.39,1.69,1.87,1.89,2.02,2.04,1.87,1.16,0.92,0.84,0.95,0.91,0.74,1.05
463,  H77597,214162,  Metallothionein 1A,1,0.72,1.03,0.65,0.63,1.16,1.74,1.88,1.99,2.03,2.21,2.35,1.14,0.87,1.09,1.37,0.88,0.81,1.27
464,  N55459,245990,  Human metallothionein (MT)I-F gene,1,0.56,1.07,0.57,0.8,1.45,2.68,2.7,2.86,3.32,2.95,2.61,2.08,0.92,1,1.75,1.08,0.74,1.83
465,  R42883,31489,"  ""SID31489  Human mRNA for KIAA0165 gene complete cds""",1,0.76,1.23,1.07,0.46,2.04,3.32,3.73,3.8,3.54,4.91,4.13,2.22,1.07,1.05,0.88,1.59,1.13,1.86
466,  H88808,253397,"  ""SID253397  Human mRNA for KIAA0368 gene partial cds""",1,1.08,1.06,0.94,1.01,1.32,1.39,2.37,2.44,1.9,1.66,1.45,1.1,1.12,1.27,1.31,0.89,1.18,0.77
467,  W49619,325182,"  ""Cadherin 2 N-cadherin (neuronal)""",1,0.78,0.88,0.75,0.68,1.67,1.98,2.7,3.39,1.98,2.24,1.82,1.07,0.86,1,0.77,1.5,0.86,0.85
468,  N69996,296087,  SID296087  Heparin cofactor II,1,0.95,1.2,1.32,1.14,2.29,2.21,2.8,2.25,3.11,2.44,2.54,1.86,1.15,1.24,1.93,1.99,1.09,2.3
469,  H48459,200577,"  ""SID200577  Human mRNA for KIAA0186 gene complete cds""",1,1.03,1.12,1,1.05,2.11,3.21,3.58,3.7,3.19,3.36,3.04,0.93,1.14,0.96,1.09,1.05,0.79,0.68
470,  AA007629,429460,  EST H49897,1,1.07,0.76,1.02,0.9,3.57,4.44,6.8,7,7.33,5.95,5.13,1.79,0.88,0.87,0.77,1.35,0.84,1.92
471,  R21832,130476,  TISSUE FACTOR PATHWAY INHIBITOR 2 PRECURSOR,1,0.9,1.15,1.53,1.22,5.33,7.75,11.72,10.86,11.06,11.67,11.02,2.44,1.21,1.04,1.18,2.71,1.19,2.38
472,  R21877,130482,  SID130482  EST  R21877,1,0.99,1.32,1.65,0.75,5.76,8.51,10.02,9.28,12.34,9.12,8.81,1.73,1.3,1.24,1.42,2.59,0.79,2.12
473,  AA017446,361247,  TISSUE FACTOR PATHWAY INHIBITOR 2 PRECURSOR,1,1.14,1.25,1.24,1.65,7.22,17.97,21.16,11.2,15.21,13.75,6.39,2.23,1.18,0.98,1.37,3.31,0.76,2.15
474,  AA057761,510597,"  ""SID510597  Pyruvate kinase muscle""",1,0.75,1.19,1.23,0.77,0.84,1.06,1.45,1.8,1.03,1.2,1.06,2.08,0.91,1.34,1.4,0.76,0.99,1.5
475,  AA053249,510161,"  ""T-COMPLEX PROTEIN 1 EPSILON SUBUNIT""",1,1.16,1.34,1.55,1.08,1.91,1.98,2.37,2.76,2,1.7,1.15,2.15,2.09,1.18,1.27,0.95,0.74,2.03
476,  AA058324,509643,"  ""SID509643  Human mRNA for KIAA0034 gene complete cds""",1,1.26,2.57,1.52,0.98,1.18,1.7,2.56,3.24,1.38,1.43,1.07,1.52,1.43,2.41,1.86,1.51,1.45,1.43
477,  W67134,343073,"  ""Homo sapiens regulator of G-protein signalling 12 (RGS12) mRNA complete cds""",1,1.07,1.85,1.55,1.07,1.42,1.6,2.29,2.54,1.14,1.16,0.95,1.02,1.76,1.42,1.77,1.34,0.77,1.24
478,  AA001722,428028,  SID428028  ATP citrate lyase,1,0.85,1.22,1.16,0.96,1.16,1.38,1.92,1.78,0.9,0.9,0.71,0.87,1.15,1,1.3,1.14,0.84,0.73
479,  AA059125,487232,"  ""SID487232  Homo sapiens actin-binding protein homolog ABP-278 mRNA complete cds""",1,1.03,1.22,1.2,1,1.68,1.66,1.87,2.38,1.16,0.81,1.05,1.22,1.84,1.01,1.44,1.1,0.78,1.16
480,  AA046749,376725,  SID376725  Tropomyosin alpha chain (skeletal muscle),1,0.98,1.35,1.78,1.19,1.35,1.36,1.72,2.57,1.34,1.16,1.1,0.57,1.71,1.47,2.18,1.89,0.84,0.62
481,  AA046659,487394,"  ""Plasminogen activator inhibitor type I""",1,1.19,1.61,1.62,2.04,2.04,2.15,3.43,4.16,2.62,2.37,1.81,1.18,1.18,2.01,2.96,3.47,1.88,1.19
482,  AA046721,487418,  Plasminogen activator inhibitor  type I,1,1.21,2.85,2.15,2.04,2.95,3,4.49,4.91,2.17,1.9,1.36,0.85,2.69,2.08,3.06,3.62,1.15,1.1
483,  AA035527,471649,  DUAL SPECIFICITY MITOGEN-ACTIVATED PROTEIN KINASE KINASE 3,1,0.96,1.17,0.87,2.62,2.28,2.2,1.24,2.03,1.22,1.02,0.88,1.28,1.11,1.24,2.12,2.78,1.08,1.88
484,  AA042891,486871,"  ""Human guanine nucleotide regulatory protein (NET1) mRNA complete cds""",1,0.96,1.49,1.48,3.59,4.14,3.03,3.57,2.06,2.2,2.28,1.86,2.53,0.97,0.71,0.58,1.55,1.28,1.83
485,  AA040861,486035,"  ""Homo sapiens HuUAP1 mRNA for UDP-N-acetylglucosamine pyrophosphorylase complete cds""",1,1.08,0.92,1.53,1.91,3.25,2.36,1.77,1.72,2.16,1.77,1.84,1.65,1.02,1.49,3.75,7.57,2.66,2.97
486,  W49706,325077,"  ""Plasminogen activator urokinase receptor""",1,0.39,1.4,1.74,2.07,3.15,3.8,4.34,2.97,2.09,1.71,1.44,1.62,1.24,1.23,1.63,1.8,1,1.76
487,  N90531,306147,  SID306147  EST  N90531,1,0.92,1.02,1.64,2.36,3.02,2.37,3.05,1.75,1.69,1.52,1.61,1.34,1.05,1.44,1.87,2.89,3.26,3.07
488,  R36703,137318,  EST  R36703,1,0.94,0.94,1.66,2.7,4.38,3.06,2.75,2.14,1.48,1.73,1.34,0.97,1.12,1.93,2.59,5.72,2.55,4.22
489,  R49309,37054,"  ""Coagulation factor III (thromboplastin tissue factor)""",1,1.05,0.76,1.53,3.22,4.43,3.6,2.63,2.22,1.8,1.39,1.19,1.64,0.99,1.59,2.41,4.56,2.92,4.29
490,  R34833,136590,"  ""Coagulation factor III (thromboplastin tissue factor)""",1,1.06,1.23,2.36,2.41,3.27,3.75,2.4,1.65,1.61,2.09,1.85,0.86,1.35,1.63,2.17,4.83,3.04,4.58
491,  R80217,147050,  Prostaglandin-endoperoxide synthase 2 (prostaglandin G/H synthase and cyclooxygenase),1,1.18,5.53,11.9,3.86,28.22,20.07,16.54,9.58,3.3,5.88,8.33,2.59,5.8,12.24,16.25,24.61,7.3,12.87
492,  W46413,323946,"  ""Inhibitor of DNA binding 3 (ID3)""",1,0.76,1.42,3.61,5.75,3.23,2.61,7.69,7.13,5.1,4.12,4.96,4.06,1.77,3.75,5.37,7.04,1.16,6.38
493,  N94487,309893,  Prothymosin alpha,1,1.4,1.68,2.09,3.18,1.42,1.38,1.64,1.74,2.33,2.19,2.67,3.63,1.78,1.91,2.21,2.27,1.18,3.8
494,  AA045731,489282,"  ""Human TGF-beta inducible early protein (TIEG) mRNA complete cds""",1,0.78,0.66,4.69,5.25,1.16,1.78,2.3,1.65,1.78,1.45,1.59,1.69,1,3.51,7.46,11.76,2.3,3.69
495,  AA057667,512204,"  ""SID512204  ESTs Highly  similar to AAC-RICH MRNA CLONE AAC3 PROTEIN [Dictyostelium discoideum]""",1,1.05,0.85,1.2,2.05,2.33,1.94,2.66,1.66,0.71,0.65,0.67,0.75,0.88,1.06,1.71,3.34,1.4,0.57
496,  AA044993,487513,  Connective tissue growth factor,1,1.01,0.78,1.17,1.87,1.6,1.32,1.85,1.54,0.96,0.66,0.68,0.3,1.06,1.46,2.44,3.58,2.77,0.73
497,  AA056549,489156,  SID489156  EST  AA056549,1,1.03,1.89,1.46,1.08,1.03,1.02,1.95,1.8,0.65,0.76,0.61,0.69,1.23,2.16,1.85,1.58,1.36,0.75
498,  N58770,248589,  SERINE/THREONINE-PROTEIN KINASE SGK ,1,1.5,2.36,3.63,3.3,1.34,2.28,1.82,1.76,1.02,0.99,1.04,0.72,2.81,5.64,10.54,18.53,2.68,2.93
499,  N23941,268652,  CYCLIN-DEPENDENT KINASE INHIBITOR 1,1,0.68,1.04,1.17,0.84,1.15,0.87,0.76,0.59,0.61,0.63,0.83,0.42,0.98,1.31,1.98,1.94,2.5,0.77
500,  AA057826,512337,  SID512337  Ribosomal protein S5,1,0.9,1.19,2.59,1.06,1.24,1.76,1.51,0.82,0.87,0.92,0.72,1.27,1.86,1.09,1.27,0.91,1.1,1.08
501,  W42606,323151,  Mitogen induced nuclear orphan receptor (MINOR),1,0.92,1.06,6.6,5.84,5.39,2.09,1.47,1.16,0.91,0.83,0.82,1.04,0.83,5.98,10.72,13.95,1.15,1.2
502,  AA026120,469297,  SID469297  Homo sapiens mRNA for DEC1  complete cds,1,0.72,0.64,3.46,1.87,1.53,1.57,1.3,0.81,0.61,0.72,0.76,0.82,0.95,1.99,4.72,5.11,3.35,1.36
503,  AA034912,471556,  IEX-1,1,0.81,1.14,4.47,5.65,4.28,2.59,2.26,1.02,1.11,1.17,1.12,1.43,1.68,4.17,5.91,10.49,8.3,5.85
504,  N99070,309477,  Jun B proto-oncogene,1,2.27,2.64,6.39,8.01,3.34,1.88,1.85,1.16,1.1,0.98,0.87,1.6,2.57,5.07,5.67,9.28,4.54,5.02
505,  AA044235,486660,  Myeloid cell leukemia sequence 1 (BCL2-related),1,1.14,2.14,2.61,2.54,1.73,2.2,2.07,1.18,0.94,0.94,0.92,1.28,1.85,4.41,7.59,11.98,2.13,2.91
506,  R77289,145093,  Myeloid cell leukemia sequence 1 (BCL2-related),1,1.15,3.36,4.32,3.21,4.62,3.89,2.42,1.4,1.07,0.99,1.2,1.44,4.7,6.26,13.3,17.99,2.67,5.02
507,  AA047266,488548,"  ""SID488548  Human pre-B cell enhancing factor (PBEF) mRNA complete cds""",1,1.07,1.78,2.74,2.78,3.09,3.84,3.54,1.8,1.08,1.04,0.83,1.7,1.18,2.56,5.33,7.13,1.48,2.47
508,  H11003,47359,  Endothelin 1 {alternative products},1,1.37,2.05,3.88,3.43,3.45,4.04,4.04,2.2,1.45,0.84,0.92,0.87,3.83,6.97,12.69,17.17,5.63,6.28
509,  N98591,310406,  Interleukin 6 (B cell stimulatory factor 2),1,1.65,3.02,5.08,11.48,12.58,10.44,10.53,3.42,1.15,0.86,0.86,1.12,3.6,9.54,14.48,27.42,8.13,8.34
510,  AA045715,489258,  TGF-beta inducible early protein,1,0.97,1.63,3.65,5.11,0.92,1.84,2.66,2.14,1.24,1.23,1.05,1.58,1.03,3.12,6.05,9.37,1.5,2.39
511,  AA057359,472138,  SERINE/THREONINE-PROTEIN KINASE SGK ,1,1.85,2.08,3.98,3.39,1.29,2.27,2.73,2.16,1.2,0.97,0.9,0.9,3.1,5.64,10.28,16.22,3.09,3.54
512,  AA055585,510381,  DNA-binding protein CPBP (CPBP),1,1.33,2.86,3.07,1.85,1.95,1.88,1.75,1.44,1.16,1.35,1.48,1.63,2.01,5.17,5.78,8,3.85,5.44
513,  AA016304,361263,  MAP KINASE PHOSPHATASE-1,1,1.3,2.78,5.2,2.95,2.31,3.08,2.77,1.87,1.77,1.66,1.72,1.33,3.39,6.05,9.18,11.17,6.96,5.95
514,  AA013396,360307,  MAP KINASE PHOSPHATASE-1,1,2.41,3.57,7.18,4.86,3.1,3.58,3.93,2.28,2.19,2.16,2.23,0.96,4.32,7.64,10.3,14.63,15.61,8.16
515,  W88807,417503,  MAP KINASE PHOSPHATASE-1,1,2.09,3.37,5.52,4.89,3.05,3.27,4.29,2.72,2.15,2.05,2.25,1.16,3.75,7.22,10.96,13.83,12.3,6.94
516,  W90037,417357,  MAP KINASE PHOSPHATASE-1,1,1.52,4.39,7.03,5.45,2.93,3.91,4.44,2.4,1.97,2.21,1.79,1.09,3.71,8.05,9.77,15.42,11.76,7.74
517,  W88650,417487,  MAP KINASE PHOSPHATASE-1,1,2.25,4.67,7.94,5.94,3.76,4.46,4.6,2.43,1.86,1.57,1.26,1.01,3.42,7.14,8.66,13.67,8.11,6.86
